"Date","Time","Temp_Celsius","Intensity_Lux"
"2022-07-26","16:23:41",21.951,28933.5
"2022-07-26","17:23:41",23.004,10677.8
"2022-07-26","18:23:41",22.238,5511.1
"2022-07-26","19:23:41",24.255,22044.6
"2022-07-26","20:23:41",21.282,1550
"2022-07-26","21:23:41",19.853,75.3
"2022-07-26","22:23:41",19.092,0
"2022-07-26","23:23:41",18.236,0
"2022-07-27","00:23:41",17.855,0
"2022-07-27","01:23:41",17.189,0
"2022-07-27","02:23:41",16.618,0
"2022-07-27","03:23:41",15.473,0
"2022-07-27","04:23:41",14.325,0
"2022-07-27","05:23:41",13.846,516.7
"2022-07-27","06:23:41",14.134,4477.8
"2022-07-27","07:23:41",18.996,14466.8
"2022-07-27","08:23:41",18.711,39955.8
"2022-07-27","09:23:41",19.662,17911.2
"2022-07-27","10:23:41",18.521,7233.4
"2022-07-27","11:23:41",22.621,49600.3
"2022-07-27","12:23:41",21.473,24800.2
"2022-07-27","13:23:41",22.429,18600.1
"2022-07-27","14:23:41",21.855,15844.5
"2022-07-27","15:23:41",22.717,18600.1
"2022-07-27","16:23:41",22.333,10333.4
"2022-07-27","17:23:41",22.717,12400.1
"2022-07-27","18:23:41",22.238,8611.2
"2022-07-27","19:23:41",21.951,4133.4
"2022-07-27","20:23:41",20.615,6544.5
"2022-07-27","21:23:41",18.711,107.6
"2022-07-27","22:23:41",17.95,0
"2022-07-27","23:23:41",17.189,0
"2022-07-28","00:23:41",16.237,0
"2022-07-28","01:23:41",15.473,0
"2022-07-28","02:23:41",14.9,0
"2022-07-28","03:23:41",14.134,0
"2022-07-28","04:23:41",13.269,0
"2022-07-28","05:23:41",13.269,581.3
"2022-07-28","06:23:41",18.331,24800.2
"2022-07-28","07:23:41",22.238,34444.7
"2022-07-28","08:23:41",25.319,44089.2
"2022-07-28","09:23:41",24.062,34444.7
"2022-07-28","10:23:41",24.641,33066.9
"2022-07-28","11:23:41",26.977,30311.3
"2022-07-28","12:23:41",25.125,13777.9
"2022-07-28","13:23:41",28.953,34444.7
"2022-07-28","14:23:41",26.488,13089
"2022-07-28","15:23:41",24.931,10677.8
"2022-07-28","16:23:41",30.356,28933.5
"2022-07-28","17:23:41",29.652,26178
"2022-07-28","18:23:41",28.754,24800.2
"2022-07-28","19:23:41",27.468,16533.4
"2022-07-28","20:23:41",23.1,3100
"2022-07-28","21:23:41",21.282,161.5
"2022-07-28","22:23:41",20.138,0
"2022-07-28","23:23:41",19.567,0
"2022-07-29","00:23:41",18.521,0
"2022-07-29","01:23:41",17.379,0
"2022-07-29","02:23:41",16.808,0
"2022-07-29","03:23:41",16.141,0
"2022-07-29","04:23:41",15.855,0
"2022-07-29","05:23:41",15.664,592
"2022-07-29","06:23:41",16.141,5166.7
"2022-07-29","07:23:41",17.379,8611.2
"2022-07-29","08:23:41",20.71,19977.9
"2022-07-29","09:23:41",23.196,26178
"2022-07-29","10:23:41",27.075,49600.3
"2022-07-29","11:23:41",28.159,38578
"2022-07-29","12:23:41",28.953,33066.9
"2022-07-29","13:23:41",27.567,21355.7
"2022-07-29","14:23:41",31.37,28933.5
"2022-07-29","15:23:41",29.252,14466.8
"2022-07-29","16:23:41",31.166,24800.2
"2022-07-29","17:23:41",32.086,27555.7
"2022-07-29","18:23:41",30.659,22044.6
"2022-07-29","19:23:41",29.352,15155.7
"2022-07-29","20:23:41",26.195,1894.5
"2022-07-29","21:23:41",24.448,43.1
"2022-07-29","22:23:41",23.196,0
"2022-07-29","23:23:41",22.333,0
"2022-07-30","00:23:41",21.569,0
"2022-07-30","01:23:41",20.71,0
"2022-07-30","02:23:41",20.043,0
"2022-07-30","03:23:41",19.472,0
"2022-07-30","04:23:41",18.901,0
"2022-07-30","05:23:41",18.426,269.1
"2022-07-30","06:23:41",18.426,1636.1
"2022-07-30","07:23:41",19.092,5338.9
"2022-07-30","08:23:41",20.615,10333.4
"2022-07-30","09:23:41",23.196,20666.8
"2022-07-30","10:23:41",24.351,19977.9
"2022-07-30","11:23:41",25.902,20666.8
"2022-07-30","12:23:41",28.953,31689.1
"2022-07-30","13:23:41",28.159,34444.7
"2022-07-30","14:23:41",30.054,37200.2
"2022-07-30","15:23:41",31.472,37200.2
"2022-07-30","16:23:41",29.552,11022.3
"2022-07-30","17:23:41",30.558,28933.5
"2022-07-30","18:23:41",29.853,23422.4
"2022-07-30","19:23:41",29.452,18600.1
"2022-07-30","20:23:41",24.835,1463.9
"2022-07-30","21:23:41",23.292,10.8
"2022-07-30","22:23:41",21.855,0
"2022-07-30","23:23:41",21.091,0
"2022-07-31","00:23:41",20.234,0
"2022-07-31","01:23:41",19.187,0
"2022-07-31","02:23:41",18.14,0
"2022-07-31","03:23:41",17.855,0
"2022-07-31","04:23:41",17.189,0
"2022-07-31","05:23:41",17.094,193.8
"2022-07-31","06:23:41",20.996,19289
"2022-07-31","07:23:41",25.513,33066.9
"2022-07-31","08:23:41",28.06,38578
"2022-07-31","09:23:41",29.252,41333.6
"2022-07-31","10:23:41",30.054,38578
"2022-07-31","11:23:41",31.268,34444.7
"2022-07-31","12:23:41",31.983,33066.9
"2022-07-31","13:23:41",32.911,33066.9
"2022-07-31","14:23:41",32.188,30311.3
"2022-07-31","15:23:41",33.953,31689.1
"2022-07-31","16:23:41",31.574,30311.3
"2022-07-31","17:23:41",34.479,28933.5
"2022-07-31","18:23:41",28.853,6544.5
"2022-07-31","19:23:41",28.853,3788.9
"2022-07-31","20:23:41",26.683,355.2
"2022-07-31","21:23:41",26.097,0
"2022-07-31","22:23:41",25.319,0
"2022-07-31","23:23:41",25.125,0
"2022-08-01","00:23:41",23.484,0
"2022-08-01","01:23:41",22.333,0
"2022-08-01","02:23:41",21.282,0
"2022-08-01","03:23:41",20.615,0
"2022-08-01","04:23:41",20.138,0
"2022-08-01","05:23:41",19.662,150.7
"2022-08-01","06:23:41",19.948,1141
"2022-08-01","07:23:41",19.853,1980.6
"2022-08-01","08:23:41",21.282,4133.4
"2022-08-01","09:23:41",21.569,4650
"2022-08-01","10:23:41",21.091,1377.8
"2022-08-01","11:23:41",22.812,5338.9
"2022-08-01","12:23:41",23.1,9644.5
"2022-08-01","13:23:41",24.158,11711.2
"2022-08-01","14:23:41",25.513,22044.6
"2022-08-01","15:23:41",25.319,4133.4
"2022-08-01","16:23:41",25.222,13089
"2022-08-01","17:23:41",24.545,4305.6
"2022-08-01","18:23:41",26.585,11711.2
"2022-08-01","19:23:41",24.448,5338.9
"2022-08-01","20:23:41",23.773,2927.8
"2022-08-01","21:23:41",22.812,0
"2022-08-01","22:23:41",21.855,0
"2022-08-01","23:23:41",20.996,0
"2022-08-02","00:23:41",20.234,0
"2022-08-02","01:23:41",19.567,0
"2022-08-02","02:23:41",19.472,0
"2022-08-02","03:23:41",18.901,0
"2022-08-02","04:23:41",18.806,0
"2022-08-02","05:23:41",18.806,118.4
"2022-08-02","06:23:41",20.71,13777.9
"2022-08-02","07:23:41",20.138,7577.8
"2022-08-02","08:23:41",28.754,41333.6
"2022-08-02","09:23:41",28.555,28933.5
"2022-08-02","10:23:41",28.853,15155.7
"2022-08-02","11:23:41",30.154,39955.8
"2022-08-02","12:23:41",27.468,11711.2
"2022-08-02","13:23:41",30.76,30311.3
"2022-08-02","14:23:41",32.394,28933.5
"2022-08-02","15:23:41",33.118,24800.2
"2022-08-02","16:23:41",33.535,23422.4
"2022-08-02","17:23:41",33.118,20666.8
"2022-08-02","18:23:41",29.853,11022.3
"2022-08-02","19:23:41",28.456,6200
"2022-08-02","20:23:41",26.292,1808.3
"2022-08-02","21:23:41",24.641,10.8
"2022-08-02","22:23:41",23.581,0
"2022-08-02","23:23:41",22.717,0
"2022-08-03","00:23:41",22.238,0
"2022-08-03","01:23:41",21.473,0
"2022-08-03","02:23:41",21.187,0
"2022-08-03","03:23:41",20.71,0
"2022-08-03","04:23:41",20.901,0
"2022-08-03","05:23:41",20.71,86.1
"2022-08-03","06:23:41",22.908,22044.6
"2022-08-03","07:23:41",28.06,34444.7
"2022-08-03","08:23:41",30.659,41333.6
"2022-08-03","09:23:41",33.014,41333.6
"2022-08-03","10:23:41",34.585,38578
"2022-08-03","11:23:41",35.115,34444.7
"2022-08-03","12:23:41",35.328,30311.3
"2022-08-03","13:23:41",36.187,26178
"2022-08-03","14:23:41",37.604,28933.5
"2022-08-03","15:23:41",38.157,26178
"2022-08-03","16:23:41",39.615,26178
"2022-08-03","17:23:41",38.714,23422.4
"2022-08-03","18:23:41",39.615,24800.2
"2022-08-03","19:23:41",37.165,15844.5
"2022-08-03","20:23:41",32.086,1216.3
"2022-08-03","21:23:41",29.953,10.8
"2022-08-03","22:23:41",28.853,0
"2022-08-03","23:23:41",27.173,0
"2022-08-04","00:23:41",26.488,0
"2022-08-04","01:23:41",25.708,0
"2022-08-04","02:23:41",24.835,0
"2022-08-04","03:23:41",23.966,0
"2022-08-04","04:23:41",23.1,0
"2022-08-04","05:23:41",22.046,161.5
"2022-08-04","06:23:41",24.738,21355.7
"2022-08-04","07:23:41",28.655,35822.5
"2022-08-04","08:23:41",31.983,41333.6
"2022-08-04","09:23:41",35.542,42711.4
"2022-08-04","10:23:41",37.055,38578
"2022-08-04","11:23:41",37.604,34444.7
"2022-08-04","12:23:41",38.49,30311.3
"2022-08-04","13:23:41",40.185,30311.3
"2022-08-04","14:23:41",40.876,28933.5
"2022-08-04","15:23:41",39.957,21355.7
"2022-08-04","16:23:41",41.341,27555.7
"2022-08-04","17:23:41",41.81,26178
"2022-08-04","18:23:41",40.645,21355.7
"2022-08-04","19:23:41",39.163,15155.7
"2022-08-04","20:23:41",34.796,1087.2
"2022-08-04","21:23:41",32.188,0
"2022-08-04","22:23:41",30.457,0
"2022-08-04","23:23:41",29.652,0
"2022-08-05","00:23:41",29.252,0
"2022-08-05","01:23:41",27.665,0
"2022-08-05","02:23:41",26.195,0
"2022-08-05","03:23:41",25.416,0
"2022-08-05","04:23:41",24.351,0
"2022-08-05","05:23:41",23.484,484.4
"2022-08-05","06:23:41",24.641,10677.8
"2022-08-05","07:23:41",26.39,17222.3
"2022-08-05","08:23:41",25.902,9300.1
"2022-08-05","09:23:41",28.159,28933.5
"2022-08-05","10:23:41",25.708,8266.7
"2022-08-05","11:23:41",25.513,7577.8
"2022-08-05","12:23:41",24.255,5511.1
"2022-08-05","13:23:41",27.173,18600.1
"2022-08-05","14:23:41",31.983,34444.7
"2022-08-05","15:23:41",30.558,15155.7
"2022-08-05","16:23:41",29.352,12400.1
"2022-08-05","17:23:41",26.683,1636.1
"2022-08-05","18:23:41",25.416,4994.5
"2022-08-05","19:23:41",22.717,2927.8
"2022-08-05","20:23:41",20.234,204.5
"2022-08-05","21:23:41",19.377,0
"2022-08-05","22:23:41",18.616,0
"2022-08-05","23:23:41",18.045,0
"2022-08-06","00:23:41",17.57,0
"2022-08-06","01:23:41",17.094,0
"2022-08-06","02:23:41",15.951,0
"2022-08-06","03:23:41",15.091,0
"2022-08-06","04:23:41",14.421,0
"2022-08-06","05:23:41",13.942,96.9
"2022-08-06","06:23:41",14.23,3100
"2022-08-06","07:23:41",15.664,18600.1
"2022-08-06","08:23:41",21.091,37200.2
"2022-08-06","09:23:41",23.484,44089.2
"2022-08-06","10:23:41",20.424,13777.9
"2022-08-06","11:23:41",22.429,41333.6
"2022-08-06","12:23:41",25.125,12400.1
"2022-08-06","13:23:41",25.416,35822.5
"2022-08-06","14:23:41",23.004,10333.4
"2022-08-06","15:23:41",28.258,11022.3
"2022-08-06","16:23:41",29.152,27555.7
"2022-08-06","17:23:41",28.258,30311.3
"2022-08-06","18:23:41",27.961,23422.4
"2022-08-06","19:23:41",26.195,19289
"2022-08-06","20:23:41",22.046,1980.6
"2022-08-06","21:23:41",19.853,0
"2022-08-06","22:23:41",18.996,0
"2022-08-06","23:23:41",18.045,0
"2022-08-07","00:23:41",17.57,0
"2022-08-07","01:23:41",16.808,0
"2022-08-07","02:23:41",16.237,0
"2022-08-07","03:23:41",15.569,0
"2022-08-07","04:23:41",15.187,0
"2022-08-07","05:23:41",14.804,269.1
"2022-08-07","06:23:41",17.76,22044.6
"2022-08-07","07:23:41",21.091,38578
"2022-08-07","08:23:41",24.062,44089.2
"2022-08-07","09:23:41",26.195,44089.2
"2022-08-07","10:23:41",28.258,39955.8
"2022-08-07","11:23:41",25.028,39955.8
"2022-08-07","12:23:41",29.053,37200.2
"2022-08-07","13:23:41",29.352,35822.5
"2022-08-07","14:23:41",30.963,11022.3
"2022-08-07","15:23:41",29.252,16533.4
"2022-08-07","16:23:41",31.88,30311.3
"2022-08-07","17:23:41",30.963,21355.7
"2022-08-07","18:23:41",28.06,5166.7
"2022-08-07","19:23:41",27.37,18600.1
"2022-08-07","20:23:41",23.966,2325
"2022-08-07","21:23:41",21.569,0
"2022-08-07","22:23:41",20.615,0
"2022-08-07","23:23:41",19.758,0
"2022-08-08","00:23:41",19.092,0
"2022-08-08","01:23:41",18.616,0
"2022-08-08","02:23:41",17.95,0
"2022-08-08","03:23:41",17.189,0
"2022-08-08","04:23:41",16.618,0
"2022-08-08","05:23:41",16.046,118.4
"2022-08-08","06:23:41",16.141,1980.6
"2022-08-08","07:23:41",21.473,35822.5
"2022-08-08","08:23:41",25.513,42711.4
"2022-08-08","09:23:41",28.953,42711.4
"2022-08-08","10:23:41",30.76,39955.8
"2022-08-08","11:23:41",31.064,34444.7
"2022-08-08","12:23:41",31.88,35822.5
"2022-08-08","13:23:41",28.357,12400.1
"2022-08-08","14:23:41",30.255,12400.1
"2022-08-08","15:23:41",31.472,30311.3
"2022-08-08","16:23:41",30.963,30311.3
"2022-08-08","17:23:41",31.064,15155.7
"2022-08-08","18:23:41",32.497,26178
"2022-08-08","19:23:41",29.552,17222.3
"2022-08-08","20:23:41",25.708,2325
"2022-08-08","21:23:41",22.908,0
"2022-08-08","22:23:41",21.951,0
"2022-08-08","23:23:41",20.901,0
"2022-08-09","00:23:41",20.234,0
"2022-08-09","01:23:41",19.853,0
"2022-08-09","02:23:41",19.662,0
"2022-08-09","03:23:41",19.662,0
"2022-08-09","04:23:41",19.187,0
"2022-08-09","05:23:41",19.092,10.8
"2022-08-09","06:23:41",19.092,678.1
"2022-08-09","07:23:41",19.567,3788.9
"2022-08-09","08:23:41",21.664,10677.8
"2022-08-09","09:23:41",23.484,22044.6
"2022-08-09","10:23:41",28.159,44089.2
"2022-08-09","11:23:41",29.252,34444.7
"2022-08-09","12:23:41",30.054,30311.3
"2022-08-09","13:23:41",31.778,31689.1
"2022-08-09","14:23:41",29.053,22044.6
"2022-08-09","15:23:41",31.064,31689.1
"2022-08-09","16:23:41",33.953,31689.1
"2022-08-09","17:23:41",32.497,22044.6
"2022-08-09","18:23:41",28.159,7233.4
"2022-08-09","19:23:41",28.953,15844.5
"2022-08-09","20:23:41",24.931,2755.6
"2022-08-09","21:23:41",23.004,0
"2022-08-09","22:23:41",21.855,0
"2022-08-09","23:23:41",20.805,0
"2022-08-10","00:23:41",19.758,0
"2022-08-10","01:23:41",18.901,0
"2022-08-10","02:23:41",18.14,0
"2022-08-10","03:23:41",17.57,0
"2022-08-10","04:23:41",16.999,0
"2022-08-10","05:23:41",16.523,161.5
"2022-08-10","06:23:41",19.472,22044.6
"2022-08-10","07:23:41",23.484,38578
"2022-08-10","08:23:41",25.125,44089.2
"2022-08-10","09:23:41",27.567,44089.2
"2022-08-10","10:23:41",28.159,41333.6
"2022-08-10","11:23:41",30.154,34444.7
"2022-08-10","12:23:41",30.862,30311.3
"2022-08-10","13:23:41",32.188,28933.5
"2022-08-10","14:23:41",33.222,27555.7
"2022-08-10","15:23:41",33.326,26178
"2022-08-10","16:23:41",35.009,26178
"2022-08-10","17:23:41",35.115,24800.2
"2022-08-10","18:23:41",34.691,22044.6
"2022-08-10","19:23:41",32.704,16533.4
"2022-08-10","20:23:41",27.37,2411.1
"2022-08-10","21:23:41",25.125,0
"2022-08-10","22:23:41",23.966,0
"2022-08-10","23:23:41",22.429,0
"2022-08-11","00:23:41",21.473,0
"2022-08-11","01:23:41",20.615,0
"2022-08-11","02:23:41",20.043,0
"2022-08-11","03:23:41",19.282,0
"2022-08-11","04:23:41",18.521,0
"2022-08-11","05:23:41",17.855,86.1
"2022-08-11","06:23:41",19.567,16533.4
"2022-08-11","07:23:41",22.525,34444.7
"2022-08-11","08:23:41",26.097,41333.6
"2022-08-11","09:23:41",29.252,42711.4
"2022-08-11","10:23:41",31.37,38578
"2022-08-11","11:23:41",31.983,34444.7
"2022-08-11","12:23:41",33.639,33066.9
"2022-08-11","13:23:41",33.222,31689.1
"2022-08-11","14:23:41",32.911,30311.3
"2022-08-11","15:23:41",35.009,26178
"2022-08-11","16:23:41",35.222,26178
"2022-08-11","17:23:41",34.479,24800.2
"2022-08-11","18:23:41",32.911,19977.9
"2022-08-11","19:23:41",31.166,10677.8
"2022-08-11","20:23:41",27.468,2497.2
"2022-08-11","21:23:41",25.319,0
"2022-08-11","22:23:41",23.966,0
"2022-08-11","23:23:41",23.292,0
"2022-08-12","00:23:41",21.76,0
"2022-08-12","01:23:41",20.901,0
"2022-08-12","02:23:41",19.662,0
"2022-08-12","03:23:41",18.901,0
"2022-08-12","04:23:41",18.236,0
"2022-08-12","05:23:41",17.855,64.6
"2022-08-12","06:23:41",19.758,16533.4
"2022-08-12","07:23:41",23.388,34444.7
"2022-08-12","08:23:41",27.764,42711.4
"2022-08-12","09:23:41",30.963,42711.4
"2022-08-12","10:23:41",30.659,38578
"2022-08-12","11:23:41",31.37,34444.7
"2022-08-12","12:23:41",30.862,30311.3
"2022-08-12","13:23:41",32.497,13089
"2022-08-12","14:23:41",33.639,30311.3
"2022-08-12","15:23:41",32.497,30311.3
"2022-08-12","16:23:41",33.326,30311.3
"2022-08-12","17:23:41",34.374,13089
"2022-08-12","18:23:41",31.472,10677.8
"2022-08-12","19:23:41",31.472,15844.5
"2022-08-12","20:23:41",27.961,2927.8
"2022-08-12","21:23:41",26,0
"2022-08-12","22:23:41",25.513,0
"2022-08-12","23:23:41",24.448,0
"2022-08-13","00:23:41",23.484,0
"2022-08-13","01:23:41",22.908,0
"2022-08-13","02:23:41",21.951,0
"2022-08-13","03:23:41",21.091,0
"2022-08-13","04:23:41",20.901,0
"2022-08-13","05:23:41",20.71,21.5
"2022-08-13","06:23:41",20.71,1076.4
"2022-08-13","07:23:41",21.282,2411.1
"2022-08-13","08:23:41",24.062,17911.2
"2022-08-13","09:23:41",25.028,9644.5
"2022-08-13","10:23:41",26,5338.9
"2022-08-13","11:23:41",29.152,23422.4
"2022-08-13","12:23:41",27.567,5338.9
"2022-08-13","13:23:41",26.195,7233.4
"2022-08-13","14:23:41",26.585,10333.4
"2022-08-13","15:23:41",30.154,26178
"2022-08-13","16:23:41",30.862,14466.8
"2022-08-13","17:23:41",31.37,11711.2
"2022-08-13","18:23:41",31.88,13777.9
"2022-08-13","19:23:41",29.053,3272.2
"2022-08-13","20:23:41",27.468,344.4
"2022-08-13","21:23:41",26.781,0
"2022-08-13","22:23:41",25.805,0
"2022-08-13","23:23:41",24.931,0
"2022-08-14","00:23:41",24.062,0
"2022-08-14","01:23:41",23.388,0
"2022-08-14","02:23:41",22.429,0
"2022-08-14","03:23:41",21.664,0
"2022-08-14","04:23:41",21.569,0
"2022-08-14","05:23:41",21.569,0
"2022-08-14","06:23:41",21.378,613.5
"2022-08-14","07:23:41",23.581,10677.8
"2022-08-14","08:23:41",29.252,38578
"2022-08-14","09:23:41",31.268,41333.6
"2022-08-14","10:23:41",32.704,39955.8
"2022-08-14","11:23:41",33.222,35822.5
"2022-08-14","12:23:41",34.374,31689.1
"2022-08-14","13:23:41",34.479,30311.3
"2022-08-14","14:23:41",35.864,28933.5
"2022-08-14","15:23:41",36.946,27555.7
"2022-08-14","16:23:41",36.511,24800.2
"2022-08-14","17:23:41",36.62,24800.2
"2022-08-14","18:23:41",35.756,21355.7
"2022-08-14","19:23:41",33.848,14466.8
"2022-08-14","20:23:41",29.853,1065.6
"2022-08-14","21:23:41",27.764,0
"2022-08-14","22:23:41",26.683,0
"2022-08-14","23:23:41",25.902,0
"2022-08-15","00:23:41",25.028,0
"2022-08-15","01:23:41",23.966,0
"2022-08-15","02:23:41",23.004,0
"2022-08-15","03:23:41",21.951,0
"2022-08-15","04:23:41",21.282,0
"2022-08-15","05:23:41",20.615,0
"2022-08-15","06:23:41",20.424,1270.1
"2022-08-15","07:23:41",21.76,3616.7
"2022-08-15","08:23:41",28.555,38578
"2022-08-15","09:23:41",29.652,41333.6
"2022-08-15","10:23:41",31.676,41333.6
"2022-08-15","11:23:41",31.676,23422.4
"2022-08-15","12:23:41",29.953,11022.3
"2022-08-15","13:23:41",32.188,20666.8
"2022-08-15","14:23:41",31.37,9300.1
"2022-08-15","15:23:41",31.88,11022.3
"2022-08-15","16:23:41",33.014,7577.8
"2022-08-15","17:23:41",33.222,6200
"2022-08-15","18:23:41",28.357,516.7
"2022-08-15","19:23:41",19.662,21.5
"2022-08-15","20:23:41",20.138,21.5
"2022-08-15","21:23:41",20.043,0
"2022-08-15","22:23:41",19.853,0
"2022-08-15","23:23:41",19.758,0
"2022-08-16","00:23:41",19.853,0
"2022-08-16","01:23:41",19.567,0
"2022-08-16","02:23:41",19.187,0
"2022-08-16","03:23:41",18.996,0
"2022-08-16","04:23:41",18.711,0
"2022-08-16","05:23:41",18.521,0
"2022-08-16","06:23:41",18.996,3444.5
"2022-08-16","07:23:41",23.292,27555.7
"2022-08-16","08:23:41",26.39,37200.2
"2022-08-16","09:23:41",30.457,39955.8
"2022-08-16","10:23:41",30.862,38578
"2022-08-16","11:23:41",31.472,33066.9
"2022-08-16","12:23:41",33.014,22044.6
"2022-08-16","13:23:41",34.268,34444.7
"2022-08-16","14:23:41",34.903,34444.7
"2022-08-16","15:23:41",31.88,14466.8
"2022-08-16","16:23:41",32.086,9644.5
"2022-08-16","17:23:41",36.079,23422.4
"2022-08-16","18:23:41",34.691,19289
"2022-08-16","19:23:41",32.6,12400.1
"2022-08-16","20:23:41",28.06,355.2
"2022-08-16","21:23:41",26.195,0
"2022-08-16","22:23:41",25.416,0
"2022-08-16","23:23:41",25.125,0
"2022-08-17","00:23:41",23.581,0
"2022-08-17","01:23:41",23.196,0
"2022-08-17","02:23:41",22.429,0
"2022-08-17","03:23:41",21.76,0
"2022-08-17","04:23:41",21.187,0
"2022-08-17","05:23:41",20.996,0
"2022-08-17","06:23:41",21.855,8266.7
"2022-08-17","07:23:41",28.754,30311.3
"2022-08-17","08:23:41",29.853,24800.2
"2022-08-17","09:23:41",34.903,34444.7
"2022-08-17","10:23:41",34.585,35822.5
"2022-08-17","11:23:41",35.971,34444.7
"2022-08-17","12:23:41",36.728,33066.9
"2022-08-17","13:23:41",35.649,24800.2
"2022-08-17","14:23:41",35.328,20666.8
"2022-08-17","15:23:41",38.379,34444.7
"2022-08-17","16:23:41",35.115,13777.9
"2022-08-17","17:23:41",35.435,28933.5
"2022-08-17","18:23:41",37.494,20666.8
"2022-08-17","19:23:41",32.704,6200
"2022-08-17","20:23:41",29.853,473.6
"2022-08-17","21:23:41",28.456,0
"2022-08-17","22:23:41",27.468,0
"2022-08-17","23:23:41",26.585,0
"2022-08-18","00:23:41",25.805,0
"2022-08-18","01:23:41",25.125,0
"2022-08-18","02:23:41",24.835,0
"2022-08-18","03:23:41",24.062,0
"2022-08-18","04:23:41",23.1,0
"2022-08-18","05:23:41",22.142,0
"2022-08-18","06:23:41",22.238,2325
"2022-08-18","07:23:41",23.388,4133.4
"2022-08-18","08:23:41",27.075,22044.6
"2022-08-18","09:23:41",29.853,18600.1
"2022-08-18","10:23:41",28.953,13089
"2022-08-18","11:23:41",33.326,33066.9
"2022-08-18","12:23:41",35.222,16533.4
"2022-08-18","13:23:41",40.185,33066.9
"2022-08-18","14:23:41",39.05,35822.5
"2022-08-18","15:23:41",38.268,16533.4
"2022-08-18","16:23:41",35.115,13777.9
"2022-08-18","17:23:41",32.704,9300.1
"2022-08-18","18:23:41",30.255,2411.1
"2022-08-18","19:23:41",23.1,1044.1
"2022-08-18","20:23:41",23.1,32.3
"2022-08-18","21:23:41",23.004,0
"2022-08-18","22:23:41",22.812,0
"2022-08-18","23:23:41",20.996,0
"2022-08-19","00:23:41",21.282,0
"2022-08-19","01:23:41",21.091,0
"2022-08-19","02:23:41",20.901,0
"2022-08-19","03:23:41",20.615,0
"2022-08-19","04:23:41",19.853,0
"2022-08-19","05:23:41",19.758,0
"2022-08-19","06:23:41",19.853,710.4
"2022-08-19","07:23:41",22.525,24800.2
"2022-08-19","08:23:41",22.142,7233.4
"2022-08-19","09:23:41",23.1,7577.8
"2022-08-19","10:23:41",23.484,6544.5
"2022-08-19","11:23:41",24.931,15155.7
"2022-08-19","12:23:41",25.028,8611.2
"2022-08-19","13:23:41",24.255,8266.7
"2022-08-19","14:23:41",25.125,14466.8
"2022-08-19","15:23:41",25.708,10677.8
"2022-08-19","16:23:41",25.222,6544.5
"2022-08-19","17:23:41",23.869,2669.5
"2022-08-19","18:23:41",22.908,1808.3
"2022-08-19","19:23:41",22.525,1033.3
"2022-08-19","20:23:41",21.664,10.8
"2022-08-19","21:23:41",21.473,0
"2022-08-19","22:23:41",21.378,0
"2022-08-19","23:23:41",21.378,0
"2022-08-20","00:23:41",20.901,0
"2022-08-20","01:23:41",20.805,0
"2022-08-20","02:23:41",20.424,0
"2022-08-20","03:23:41",19.948,0
"2022-08-20","04:23:41",19.758,0
"2022-08-20","05:23:41",19.472,0
"2022-08-20","06:23:41",19.853,484.4
"2022-08-20","07:23:41",20.138,2238.9
"2022-08-20","08:23:41",20.234,2411.1
"2022-08-20","09:23:41",20.615,3272.2
"2022-08-20","10:23:41",20.71,4650
"2022-08-20","11:23:41",21.664,5166.7
"2022-08-20","12:23:41",22.429,9300.1
"2022-08-20","13:23:41",23.581,8266.7
"2022-08-20","14:23:41",23.004,7233.4
"2022-08-20","15:23:41",22.142,4305.6
"2022-08-20","16:23:41",20.805,5511.1
"2022-08-20","17:23:41",20.615,2927.8
"2022-08-20","18:23:41",20.71,1270.1
"2022-08-20","19:23:41",20.901,893.4
"2022-08-20","20:23:41",20.615,129.2
"2022-08-20","21:23:41",20.138,0
"2022-08-20","22:23:41",19.948,0
"2022-08-20","23:23:41",19.948,0
"2022-08-21","00:23:41",19.853,0
"2022-08-21","01:23:41",19.948,0
"2022-08-21","02:23:41",19.758,0
"2022-08-21","03:23:41",19.377,0
"2022-08-21","04:23:41",18.616,0
"2022-08-21","05:23:41",18.045,0
"2022-08-21","06:23:41",17.76,549
"2022-08-21","07:23:41",17.95,2755.6
"2022-08-21","08:23:41",19.092,6544.5
"2022-08-21","09:23:41",21.855,18600.1
"2022-08-21","10:23:41",24.351,28933.5
"2022-08-21","11:23:41",23.292,15844.5
"2022-08-21","12:23:41",24.738,19977.9
"2022-08-21","13:23:41",28.754,34444.7
"2022-08-21","14:23:41",29.352,28933.5
"2022-08-21","15:23:41",30.558,31689.1
"2022-08-21","16:23:41",29.953,30311.3
"2022-08-21","17:23:41",24.351,6200
"2022-08-21","18:23:41",25.416,16533.4
"2022-08-21","19:23:41",25.805,12400.1
"2022-08-21","20:23:41",22.046,172.2
"2022-08-21","21:23:41",20.996,0
"2022-08-21","22:23:41",19.567,0
"2022-08-21","23:23:41",18.806,0
"2022-08-22","00:23:41",18.045,0
"2022-08-22","01:23:41",18.14,0
"2022-08-22","02:23:41",17.57,0
"2022-08-22","03:23:41",16.523,0
"2022-08-22","04:23:41",16.237,0
"2022-08-22","05:23:41",16.332,0
"2022-08-22","06:23:41",17.094,893.4
"2022-08-22","07:23:41",18.045,8266.7
"2022-08-22","08:23:41",24.545,30311.3
"2022-08-22","09:23:41",24.738,17911.2
"2022-08-22","10:23:41",24.738,20666.8
"2022-08-22","11:23:41",25.708,20666.8
"2022-08-22","12:23:41",27.272,26178
"2022-08-22","13:23:41",27.961,26178
"2022-08-22","14:23:41",27.764,22044.6
"2022-08-22","15:23:41",27.468,22044.6
"2022-08-22","16:23:41",25.416,11711.2
"2022-08-22","17:23:41",26.292,15155.7
"2022-08-22","18:23:41",24.351,5166.7
"2022-08-22","19:23:41",22.429,1808.3
"2022-08-22","20:23:41",21.187,107.6
"2022-08-22","21:23:41",20.234,0
"2022-08-22","22:23:41",20.043,0
"2022-08-22","23:23:41",19.472,0
"2022-08-23","00:23:41",19.092,0
"2022-08-23","01:23:41",19.092,0
"2022-08-23","02:23:41",18.711,0
"2022-08-23","03:23:41",18.521,0
"2022-08-23","04:23:41",18.426,0
"2022-08-23","05:23:41",18.14,0
"2022-08-23","06:23:41",18.14,559.7
"2022-08-23","07:23:41",18.521,1722.2
"2022-08-23","08:23:41",19.853,6200
"2022-08-23","09:23:41",20.996,8266.7
"2022-08-23","10:23:41",22.717,14466.8
"2022-08-23","11:23:41",23.869,11711.2
"2022-08-23","12:23:41",24.931,14466.8
"2022-08-23","13:23:41",26.097,18600.1
"2022-08-23","14:23:41",29.452,26178
"2022-08-23","15:23:41",25.902,9644.5
"2022-08-23","16:23:41",26.879,9300.1
"2022-08-23","17:23:41",28.06,14466.8
"2022-08-23","18:23:41",28.655,19977.9
"2022-08-23","19:23:41",26.781,11711.2
"2022-08-23","20:23:41",23.196,150.7
"2022-08-23","21:23:41",22.142,0
"2022-08-23","22:23:41",21.282,0
"2022-08-23","23:23:41",20.519,0
"2022-08-24","00:23:41",19.472,0
"2022-08-24","01:23:41",18.996,0
"2022-08-24","02:23:41",18.331,0
"2022-08-24","03:23:41",17.76,0
"2022-08-24","04:23:41",17.665,0
"2022-08-24","05:23:41",17.665,0
"2022-08-24","06:23:41",17.665,1259.4
"2022-08-24","07:23:41",23.966,26178
"2022-08-24","08:23:41",22.142,7233.4
"2022-08-24","09:23:41",22.525,8266.7
"2022-08-24","10:23:41",28.357,44089.2
"2022-08-24","11:23:41",24.641,9300.1
"2022-08-24","12:23:41",26.292,16533.4
"2022-08-24","13:23:41",30.457,35822.5
"2022-08-24","14:23:41",34.163,33066.9
"2022-08-24","15:23:41",29.252,8266.7
"2022-08-24","16:23:41",28.456,9300.1
"2022-08-24","17:23:41",32.394,24800.2
"2022-08-24","18:23:41",31.064,19289
"2022-08-24","19:23:41",28.555,10677.8
"2022-08-24","20:23:41",24.545,129.2
"2022-08-24","21:23:41",23.388,0
"2022-08-24","22:23:41",22.429,0
"2022-08-24","23:23:41",21.664,0
"2022-08-25","00:23:41",21.091,0
"2022-08-25","01:23:41",20.519,0
"2022-08-25","02:23:41",19.948,0
"2022-08-25","03:23:41",19.567,0
"2022-08-25","04:23:41",19.377,0
"2022-08-25","05:23:41",18.806,0
"2022-08-25","06:23:41",18.806,1324
"2022-08-25","07:23:41",19.282,3961.1
"2022-08-25","08:23:41",19.377,3616.7
"2022-08-25","09:23:41",20.519,6200
"2022-08-25","10:23:41",23.388,27555.7
"2022-08-25","11:23:41",25.902,12400.1
"2022-08-25","12:23:41",27.468,21355.7
"2022-08-25","13:23:41",28.555,26178
"2022-08-25","14:23:41",30.659,10333.4
"2022-08-25","15:23:41",31.472,30311.3
"2022-08-25","16:23:41",32.6,26178
"2022-08-25","17:23:41",30.054,5511.1
"2022-08-25","18:23:41",31.268,17222.3
"2022-08-25","19:23:41",27.862,7233.4
"2022-08-25","20:23:41",25.513,75.3
"2022-08-25","21:23:41",24.448,0
"2022-08-25","22:23:41",23.581,0
"2022-08-25","23:23:41",23.292,0
"2022-08-26","00:23:41",23.004,0
"2022-08-26","01:23:41",22.908,0
"2022-08-26","02:23:41",22.046,0
"2022-08-26","03:23:41",22.046,0
"2022-08-26","04:23:41",21.664,0
"2022-08-26","05:23:41",21.664,0
"2022-08-26","06:23:41",21.473,925.7
"2022-08-26","07:23:41",23.869,11022.3
"2022-08-26","08:23:41",27.272,30311.3
"2022-08-26","09:23:41",29.953,37200.2
"2022-08-26","10:23:41",32.807,39955.8
"2022-08-26","11:23:41",31.88,20666.8
"2022-08-26","12:23:41",34.058,34444.7
"2022-08-26","13:23:41",30.054,6544.5
"2022-08-26","14:23:41",22.333,2669.5
"2022-08-26","15:23:41",20.424,301.4
"2022-08-26","16:23:41",20.615,1205.6
"2022-08-26","17:23:41",19.758,828.8
"2022-08-26","18:23:41",19.853,366
"2022-08-26","19:23:41",19.662,172.2
"2022-08-26","20:23:41",19.662,0
"2022-08-26","21:23:41",19.662,0
"2022-08-26","22:23:41",19.567,0
"2022-08-26","23:23:41",19.662,0
"2022-08-27","00:23:41",19.187,0
"2022-08-27","01:23:41",19.472,0
"2022-08-27","02:23:41",19.282,0
"2022-08-27","03:23:41",19.472,0
"2022-08-27","04:23:41",19.662,0
"2022-08-27","05:23:41",19.853,0
"2022-08-27","06:23:41",19.472,53.8
"2022-08-27","07:23:41",19.472,1033.3
"2022-08-27","08:23:41",19.948,1550
"2022-08-27","09:23:41",20.234,2411.1
"2022-08-27","10:23:41",20.805,3272.2
"2022-08-27","11:23:41",21.951,12400.1
"2022-08-27","12:23:41",22.812,10333.4
"2022-08-27","13:23:41",22.812,6544.5
"2022-08-27","14:23:41",25.319,14466.8
"2022-08-27","15:23:41",28.655,15155.7
"2022-08-27","16:23:41",31.778,30311.3
"2022-08-27","17:23:41",23.773,3272.2
"2022-08-27","18:23:41",22.238,1980.6
"2022-08-27","19:23:41",21.091,839.6
"2022-08-27","20:23:41",20.615,21.5
"2022-08-27","21:23:41",20.138,0
"2022-08-27","22:23:41",19.853,0
"2022-08-27","23:23:41",19.758,0
"2022-08-28","00:23:41",19.092,0
"2022-08-28","01:23:41",18.426,0
"2022-08-28","02:23:41",17.855,0
"2022-08-28","03:23:41",17.57,0
"2022-08-28","04:23:41",17.76,0
"2022-08-28","05:23:41",17.379,0
"2022-08-28","06:23:41",16.903,107.6
"2022-08-28","07:23:41",16.713,1636.1
"2022-08-28","08:23:41",17.379,9644.5
"2022-08-28","09:23:41",20.138,15155.7
"2022-08-28","10:23:41",20.805,17911.2
"2022-08-28","11:23:41",19.662,14466.8
"2022-08-28","12:23:41",20.138,14466.8
"2022-08-28","13:23:41",19.187,8266.7
"2022-08-28","14:23:41",18.616,7577.8
"2022-08-28","15:23:41",18.996,7233.4
"2022-08-28","16:23:41",26.097,26178
"2022-08-28","17:23:41",26.781,23422.4
"2022-08-28","18:23:41",21.664,4133.4
"2022-08-28","19:23:41",23.966,11022.3
"2022-08-28","20:23:41",19.662,53.8
"2022-08-28","21:23:41",18.901,0
"2022-08-28","22:23:41",17.855,0
"2022-08-28","23:23:41",16.999,0
"2022-08-29","00:23:41",16.332,0
"2022-08-29","01:23:41",15.951,0
"2022-08-29","02:23:41",15.282,0
"2022-08-29","03:23:41",14.325,0
"2022-08-29","04:23:41",13.846,0
"2022-08-29","05:23:41",13.654,0
"2022-08-29","06:23:41",13.269,1011.8
"2022-08-29","07:23:41",14.9,3272.2
"2022-08-29","08:23:41",16.046,4305.6
"2022-08-29","09:23:41",17.189,5166.7
"2022-08-29","10:23:41",17.665,6544.5
"2022-08-29","11:23:41",20.329,34444.7
"2022-08-29","12:23:41",20.329,13089
"2022-08-29","13:23:41",22.333,13777.9
"2022-08-29","14:23:41",24.738,21355.7
"2022-08-29","15:23:41",23.388,14466.8
"2022-08-29","16:23:41",25.805,11022.3
"2022-08-29","17:23:41",27.764,24800.2
"2022-08-29","18:23:41",26.097,19977.9
"2022-08-29","19:23:41",23.773,9644.5
"2022-08-29","20:23:41",19.948,21.5
"2022-08-29","21:23:41",18.996,0
"2022-08-29","22:23:41",18.426,0
"2022-08-29","23:23:41",17.284,0
"2022-08-30","00:23:41",16.523,0
"2022-08-30","01:23:41",16.427,0
"2022-08-30","02:23:41",15.855,0
"2022-08-30","03:23:41",15.76,0
"2022-08-30","04:23:41",15.378,0
"2022-08-30","05:23:41",15.187,0
"2022-08-30","06:23:41",15.187,312.2
"2022-08-30","07:23:41",15.664,1345.5
"2022-08-30","08:23:41",17.76,7233.4
"2022-08-30","09:23:41",19.282,11022.3
"2022-08-30","10:23:41",20.234,9300.1
"2022-08-30","11:23:41",22.621,19977.9
"2022-08-30","12:23:41",22.046,14466.8
"2022-08-30","13:23:41",24.835,30311.3
"2022-08-30","14:23:41",27.173,23422.4
"2022-08-30","15:23:41",24.062,10677.8
"2022-08-30","16:23:41",23.196,12400.1
"2022-08-30","17:23:41",21.951,8266.7
"2022-08-30","18:23:41",23.869,8266.7
"2022-08-30","19:23:41",20.138,1636.1
"2022-08-30","20:23:41",18.996,21.5
"2022-08-30","21:23:41",18.14,0
"2022-08-30","22:23:41",17.284,0
"2022-08-30","23:23:41",16.427,0
"2022-08-31","00:23:41",15.951,0
"2022-08-31","01:23:41",15.282,0
"2022-08-31","02:23:41",14.613,0
"2022-08-31","03:23:41",14.23,0
"2022-08-31","04:23:41",14.517,0
"2022-08-31","05:23:41",14.709,0
"2022-08-31","06:23:41",14.325,764.2
"2022-08-31","07:23:41",18.331,31689.1
"2022-08-31","08:23:41",21.282,42711.4
"2022-08-31","09:23:41",23.388,44089.2
"2022-08-31","10:23:41",24.545,41333.6
"2022-08-31","11:23:41",25.125,38578
"2022-08-31","12:23:41",24.158,23422.4
"2022-08-31","13:23:41",23.869,23422.4
"2022-08-31","14:23:41",23.388,15155.7
"2022-08-31","15:23:41",25.61,11711.2
"2022-08-31","16:23:41",24.448,11022.3
"2022-08-31","17:23:41",26.097,26178
"2022-08-31","18:23:41",23.869,7233.4
"2022-08-31","19:23:41",22.238,9300.1
"2022-08-31","20:23:41",18.806,21.5
"2022-08-31","21:23:41",18.045,0
"2022-08-31","22:23:41",17.189,0
"2022-08-31","23:23:41",16.903,0
"2022-09-01","00:23:41",16.713,0
"2022-09-01","01:23:41",16.332,0
"2022-09-01","02:23:41",15.855,0
"2022-09-01","03:23:41",15.664,0
"2022-09-01","04:23:41",14.996,0
"2022-09-01","05:23:41",13.942,0
"2022-09-01","06:23:41",13.269,710.4
"2022-09-01","07:23:41",17.475,34444.7
"2022-09-01","08:23:41",20.615,44089.2
"2022-09-01","09:23:41",23.388,44089.2
"2022-09-01","10:23:41",23.292,39955.8
"2022-09-01","11:23:41",24.835,38578
"2022-09-01","12:23:41",21.473,14466.8
"2022-09-01","13:23:41",25.028,13777.9
"2022-09-01","14:23:41",22.812,11022.3
"2022-09-01","15:23:41",24.255,18600.1
"2022-09-01","16:23:41",23.773,18600.1
"2022-09-01","17:23:41",24.351,8266.7
"2022-09-01","18:23:41",24.641,13777.9
"2022-09-01","19:23:41",21.855,10677.8
"2022-09-01","20:23:41",18.045,10.8
"2022-09-01","21:23:41",17.379,0
"2022-09-01","22:23:41",16.427,0
"2022-09-01","23:23:41",15.664,0
"2022-09-02","00:23:41",15.091,0
"2022-09-02","01:23:41",14.421,0
"2022-09-02","02:23:41",14.23,0
"2022-09-02","03:23:41",14.325,0
"2022-09-02","04:23:41",13.75,0
"2022-09-02","05:23:41",13.076,0
"2022-09-02","06:23:41",12.594,258.3
"2022-09-02","07:23:41",13.365,3272.2
"2022-09-02","08:23:41",16.999,42711.4
"2022-09-02","09:23:41",19.853,44089.2
"2022-09-02","10:23:41",21.855,42711.4
"2022-09-02","11:23:41",24.545,35822.5
"2022-09-02","12:23:41",26.39,39955.8
"2022-09-02","13:23:41",26.292,39955.8
"2022-09-02","14:23:41",26.977,34444.7
"2022-09-02","15:23:41",23.966,9644.5
"2022-09-02","16:23:41",26.879,31689.1
"2022-09-02","17:23:41",24.545,24800.2
"2022-09-02","18:23:41",20.996,2755.6
"2022-09-02","19:23:41",21.664,9300.1
"2022-09-02","20:23:41",18.616,0
"2022-09-02","21:23:41",17.475,0
"2022-09-02","22:23:41",16.332,0
"2022-09-02","23:23:41",15.569,0
"2022-09-03","00:23:41",14.709,0
"2022-09-03","01:23:41",13.942,0
"2022-09-03","02:23:41",13.461,0
"2022-09-03","03:23:41",12.98,0
"2022-09-03","04:23:41",12.401,0
"2022-09-03","05:23:41",12.013,0
"2022-09-03","06:23:41",11.722,344.4
"2022-09-03","07:23:41",15.569,31689.1
"2022-09-03","08:23:41",15.187,44089.2
"2022-09-03","09:23:41",16.046,10677.8
"2022-09-03","10:23:41",20.043,24800.2
"2022-09-03","11:23:41",23.196,34444.7
"2022-09-03","12:23:41",25.125,35822.5
"2022-09-03","13:23:41",25.319,26178
"2022-09-03","14:23:41",24.255,14466.8
"2022-09-03","15:23:41",23.484,9300.1
"2022-09-03","16:23:41",25.125,9644.5
"2022-09-03","17:23:41",24.641,20666.8
"2022-09-03","18:23:41",22.238,6200
"2022-09-03","19:23:41",22.046,4994.5
"2022-09-03","20:23:41",19.567,0
"2022-09-03","21:23:41",19.092,0
"2022-09-03","22:23:41",18.616,0
"2022-09-03","23:23:41",18.045,0
"2022-09-04","00:23:41",17.475,0
"2022-09-04","01:23:41",16.808,0
"2022-09-04","02:23:41",16.046,0
"2022-09-04","03:23:41",15.282,0
"2022-09-04","04:23:41",14.804,0
"2022-09-04","05:23:41",14.517,0
"2022-09-04","06:23:41",13.942,409
"2022-09-04","07:23:41",16.618,28933.5
"2022-09-04","08:23:41",17.284,14466.8
"2022-09-04","09:23:41",21.76,39955.8
"2022-09-04","10:23:41",23.484,39955.8
"2022-09-04","11:23:41",24.835,35822.5
"2022-09-04","12:23:41",25.61,31689.1
"2022-09-04","13:23:41",27.37,30311.3
"2022-09-04","14:23:41",28.456,27555.7
"2022-09-04","15:23:41",29.552,28933.5
"2022-09-04","16:23:41",29.552,28933.5
"2022-09-04","17:23:41",27.37,19289
"2022-09-04","18:23:41",26.292,15155.7
"2022-09-04","19:23:41",22.908,3444.5
"2022-09-04","20:23:41",20.71,0
"2022-09-04","21:23:41",19.758,0
"2022-09-04","22:23:41",18.806,0
"2022-09-04","23:23:41",17.76,0
"2022-09-05","00:23:41",17.094,0
"2022-09-05","01:23:41",16.523,0
"2022-09-05","02:23:41",16.141,0
"2022-09-05","03:23:41",15.473,0
"2022-09-05","04:23:41",14.804,0
"2022-09-05","05:23:41",14.421,0
"2022-09-05","06:23:41",14.038,538.2
"2022-09-05","07:23:41",16.713,20666.8
"2022-09-05","08:23:41",18.616,37200.2
"2022-09-05","09:23:41",20.043,28933.5
"2022-09-05","10:23:41",22.142,17911.2
"2022-09-05","11:23:41",23.869,34444.7
"2022-09-05","12:23:41",26.292,33066.9
"2022-09-05","13:23:41",26.781,28933.5
"2022-09-05","14:23:41",28.06,28933.5
"2022-09-05","15:23:41",28.953,30311.3
"2022-09-05","16:23:41",26.195,27555.7
"2022-09-05","17:23:41",27.567,21355.7
"2022-09-05","18:23:41",26.292,17222.3
"2022-09-05","19:23:41",22.525,1722.2
"2022-09-05","20:23:41",20.615,0
"2022-09-05","21:23:41",19.567,0
"2022-09-05","22:23:41",18.711,0
"2022-09-05","23:23:41",18.045,0
"2022-09-06","00:23:41",17.189,0
"2022-09-06","01:23:41",16.427,0
"2022-09-06","02:23:41",15.76,0
"2022-09-06","03:23:41",15.187,0
"2022-09-06","04:23:41",14.804,0
"2022-09-06","05:23:41",14.325,0
"2022-09-06","06:23:41",13.942,376.7
"2022-09-06","07:23:41",15.951,22044.6
"2022-09-06","08:23:41",17.95,28933.5
"2022-09-06","09:23:41",20.615,41333.6
"2022-09-06","10:23:41",20.043,18600.1
"2022-09-06","11:23:41",21.76,22044.6
"2022-09-06","12:23:41",21.664,13089
"2022-09-06","13:23:41",24.351,23422.4
"2022-09-06","14:23:41",22.812,11022.3
"2022-09-06","15:23:41",24.158,13777.9
"2022-09-06","16:23:41",24.351,13089
"2022-09-06","17:23:41",24.351,9300.1
"2022-09-06","18:23:41",22.238,2927.8
"2022-09-06","19:23:41",21.091,409
"2022-09-06","20:23:41",20.329,0
"2022-09-06","21:23:41",19.472,0
"2022-09-06","22:23:41",18.996,0
"2022-09-06","23:23:41",18.426,0
"2022-09-07","00:23:41",18.426,0
"2022-09-07","01:23:41",17.76,0
"2022-09-07","02:23:41",17.094,0
"2022-09-07","03:23:41",16.046,0
"2022-09-07","04:23:41",15.569,0
"2022-09-07","05:23:41",14.9,0
"2022-09-07","06:23:41",14.517,366
"2022-09-07","07:23:41",16.141,13777.9
"2022-09-07","08:23:41",20.043,39955.8
"2022-09-07","09:23:41",19.377,24800.2
"2022-09-07","10:23:41",25.319,39955.8
"2022-09-07","11:23:41",25.708,34444.7
"2022-09-07","12:23:41",26.683,21355.7
"2022-09-07","13:23:41",25.513,15155.7
"2022-09-07","14:23:41",29.053,31689.1
"2022-09-07","15:23:41",25.61,9300.1
"2022-09-07","16:23:41",26.488,8266.7
"2022-09-07","17:23:41",29.953,20666.8
"2022-09-07","18:23:41",25.319,1550
"2022-09-07","19:23:41",24.255,387.5
"2022-09-07","20:23:41",20.901,0
"2022-09-07","21:23:41",20.615,0
"2022-09-07","22:23:41",20.805,0
"2022-09-07","23:23:41",19.853,0
"2022-09-08","00:23:41",19.092,0
"2022-09-08","01:23:41",18.236,0
"2022-09-08","02:23:41",17.76,0
"2022-09-08","03:23:41",17.189,0
"2022-09-08","04:23:41",16.713,0
"2022-09-08","05:23:41",16.237,0
"2022-09-08","06:23:41",15.569,107.6
"2022-09-08","07:23:41",15.855,2497.2
"2022-09-08","08:23:41",16.427,3961.1
"2022-09-08","09:23:41",17.284,6200
"2022-09-08","10:23:41",18.045,4477.8
"2022-09-08","11:23:41",18.045,6200
"2022-09-08","12:23:41",18.14,1324
"2022-09-08","13:23:41",15.855,2927.8
"2022-09-08","14:23:41",16.808,7233.4
"2022-09-08","15:23:41",18.996,9644.5
"2022-09-08","16:23:41",16.808,990.3
"2022-09-08","17:23:41",16.808,462.9
"2022-09-08","18:23:41",17.475,1980.6
"2022-09-08","19:23:41",17.76,1065.6
"2022-09-08","20:23:41",16.713,0
"2022-09-08","21:23:41",16.332,0
"2022-09-08","22:23:41",16.332,0
"2022-09-08","23:23:41",16.237,0
"2022-09-09","00:23:41",15.569,0
"2022-09-09","01:23:41",15.091,0
"2022-09-09","02:23:41",14.804,0
"2022-09-09","03:23:41",14.134,0
"2022-09-09","04:23:41",13.942,0
"2022-09-09","05:23:41",13.654,0
"2022-09-09","06:23:41",13.461,290.6
"2022-09-09","07:23:41",17.189,26178
"2022-09-09","08:23:41",20.901,41333.6
"2022-09-09","09:23:41",23.388,35822.5
"2022-09-09","10:23:41",22.429,10677.8
"2022-09-09","11:23:41",24.641,28933.5
"2022-09-09","12:23:41",26.585,26178
"2022-09-09","13:23:41",28.357,31689.1
"2022-09-09","14:23:41",29.853,30311.3
"2022-09-09","15:23:41",24.351,9644.5
"2022-09-09","16:23:41",24.545,5166.7
"2022-09-09","17:23:41",26.488,39955.8
"2022-09-09","18:23:41",25.708,2927.8
"2022-09-09","19:23:41",20.329,290.6
"2022-09-09","20:23:41",18.331,0
"2022-09-09","21:23:41",17.189,0
"2022-09-09","22:23:41",16.523,0
"2022-09-09","23:23:41",15.664,0
"2022-09-10","00:23:41",15.473,0
"2022-09-10","01:23:41",15.091,0
"2022-09-10","02:23:41",14.613,0
"2022-09-10","03:23:41",14.038,0
"2022-09-10","04:23:41",13.942,0
"2022-09-10","05:23:41",13.461,0
"2022-09-10","06:23:41",13.173,86.1
"2022-09-10","07:23:41",14.709,14466.8
"2022-09-10","08:23:41",21.282,33066.9
"2022-09-10","09:23:41",24.641,37200.2
"2022-09-10","10:23:41",25.319,37200.2
"2022-09-10","11:23:41",26.977,38578
"2022-09-10","12:23:41",26,22044.6
"2022-09-10","13:23:41",27.665,11711.2
"2022-09-10","14:23:41",29.953,49600.3
"2022-09-10","15:23:41",24.062,9644.5
"2022-09-10","16:23:41",21.378,5511.1
"2022-09-10","17:23:41",24.351,44089.2
"2022-09-10","18:23:41",24.738,30311.3
"2022-09-10","19:23:41",19.662,796.5
"2022-09-10","20:23:41",18.236,0
"2022-09-10","21:23:41",17.475,0
"2022-09-10","22:23:41",17.094,0
"2022-09-10","23:23:41",16.046,0
"2022-09-11","00:23:41",15.473,0
"2022-09-11","01:23:41",15.378,0
"2022-09-11","02:23:41",15.187,0
"2022-09-11","03:23:41",15.091,0
"2022-09-11","04:23:41",14.421,0
"2022-09-11","05:23:41",13.942,0
"2022-09-11","06:23:41",13.461,10.8
"2022-09-11","07:23:41",14.134,1463.9
"2022-09-11","08:23:41",15.187,4305.6
"2022-09-11","09:23:41",15.855,2669.5
"2022-09-11","10:23:41",19.758,17911.2
"2022-09-11","11:23:41",18.901,10333.4
"2022-09-11","12:23:41",19.282,3444.5
"2022-09-11","13:23:41",18.806,5511.1
"2022-09-11","14:23:41",24.448,17222.3
"2022-09-11","15:23:41",20.329,8266.7
"2022-09-11","16:23:41",25.61,35822.5
"2022-09-11","17:23:41",20.138,3616.7
"2022-09-11","18:23:41",18.711,1722.2
"2022-09-11","19:23:41",17.76,398.3
"2022-09-11","20:23:41",16.808,0
"2022-09-11","21:23:41",14.804,0
"2022-09-11","22:23:41",15.282,0
"2022-09-11","23:23:41",14.9,0
"2022-09-12","00:23:41",14.9,0
"2022-09-12","01:23:41",15.187,0
"2022-09-12","02:23:41",13.75,0
"2022-09-12","03:23:41",13.173,0
"2022-09-12","04:23:41",12.594,0
"2022-09-12","05:23:41",12.69,0
"2022-09-12","06:23:41",12.207,118.4
"2022-09-12","07:23:41",14.325,18600.1
"2022-09-12","08:23:41",21.76,33066.9
"2022-09-12","09:23:41",23.292,37200.2
"2022-09-12","10:23:41",25.319,42711.4
"2022-09-12","11:23:41",25.708,33066.9
"2022-09-12","12:23:41",24.738,11022.3
"2022-09-12","13:23:41",29.152,44089.2
"2022-09-12","14:23:41",24.545,17911.2
"2022-09-12","15:23:41",26.683,28933.5
"2022-09-12","16:23:41",23.484,16533.4
"2022-09-12","17:23:41",21.473,7233.4
"2022-09-12","18:23:41",20.234,3100
"2022-09-12","19:23:41",19.282,484.4
"2022-09-12","20:23:41",17.95,0
"2022-09-12","21:23:41",17.094,0
"2022-09-12","22:23:41",15.951,0
"2022-09-12","23:23:41",15.091,0
"2022-09-13","00:23:41",14.804,0
"2022-09-13","01:23:41",14.23,0
"2022-09-13","02:23:41",14.038,0
"2022-09-13","03:23:41",13.558,0
"2022-09-13","04:23:41",13.076,0
"2022-09-13","05:23:41",13.076,0
"2022-09-13","06:23:41",13.173,64.6
"2022-09-13","07:23:41",13.654,1722.2
"2022-09-13","08:23:41",13.076,775
"2022-09-13","09:23:41",14.804,5166.7
"2022-09-13","10:23:41",16.427,11022.3
"2022-09-13","11:23:41",20.138,28933.5
"2022-09-13","12:23:41",23.1,17911.2
"2022-09-13","13:23:41",20.329,2583.4
"2022-09-13","14:23:41",19.853,10333.4
"2022-09-13","15:23:41",19.662,4477.8
"2022-09-13","16:23:41",22.525,14466.8
"2022-09-13","17:23:41",24.062,35822.5
"2022-09-13","18:23:41",21.091,9300.1
"2022-09-13","19:23:41",18.616,581.3
"2022-09-13","20:23:41",17.665,0
"2022-09-13","21:23:41",17.57,0
"2022-09-13","22:23:41",16.618,0
"2022-09-13","23:23:41",16.332,0
"2022-09-14","00:23:41",15.282,0
"2022-09-14","01:23:41",14.804,0
"2022-09-14","02:23:41",14.134,0
"2022-09-14","03:23:41",13.558,0
"2022-09-14","04:23:41",12.883,0
"2022-09-14","05:23:41",12.497,0
"2022-09-14","06:23:41",12.304,107.6
"2022-09-14","07:23:41",13.076,2325
"2022-09-14","08:23:41",14.9,10333.4
"2022-09-14","09:23:41",17.379,8611.2
"2022-09-14","10:23:41",21.664,28933.5
"2022-09-14","11:23:41",19.662,13777.9
"2022-09-14","12:23:41",19.948,15844.5
"2022-09-14","13:23:41",25.319,33066.9
"2022-09-14","14:23:41",21.569,15844.5
"2022-09-14","15:23:41",23.004,11711.2
"2022-09-14","16:23:41",19.472,6200
"2022-09-14","17:23:41",18.236,2411.1
"2022-09-14","18:23:41",17.95,1808.3
"2022-09-14","19:23:41",16.999,107.6
"2022-09-14","20:23:41",16.523,0
"2022-09-14","21:23:41",16.237,0
"2022-09-14","22:23:41",15.855,0
"2022-09-14","23:23:41",15.282,0
"2022-09-15","00:23:41",14.709,0
"2022-09-15","01:23:41",14.421,0
"2022-09-15","02:23:41",13.942,0
"2022-09-15","03:23:41",13.269,0
"2022-09-15","04:23:41",13.076,0
"2022-09-15","05:23:41",12.787,0
"2022-09-15","06:23:41",12.11,21.5
"2022-09-15","07:23:41",12.69,7577.8
"2022-09-15","08:23:41",18.045,30311.3
"2022-09-15","09:23:41",17.094,13089
"2022-09-15","10:23:41",16.808,18600.1
"2022-09-15","11:23:41",17.379,9300.1
"2022-09-15","12:23:41",20.234,21355.7
"2022-09-15","13:23:41",18.901,9300.1
"2022-09-15","14:23:41",19.092,5166.7
"2022-09-15","15:23:41",23.484,55111.5
"2022-09-15","16:23:41",18.711,6544.5
"2022-09-15","17:23:41",18.616,8266.7
"2022-09-15","18:23:41",15.187,3444.5
"2022-09-15","19:23:41",14.709,64.6
"2022-09-15","20:23:41",14.134,0
"2022-09-15","21:23:41",13.846,0
"2022-09-15","22:23:41",13.846,0
"2022-09-15","23:23:41",13.076,0
"2022-09-16","00:23:41",12.883,0
"2022-09-16","01:23:41",12.594,0
"2022-09-16","02:23:41",12.11,0
"2022-09-16","03:23:41",11.528,0
"2022-09-16","04:23:41",11.236,0
"2022-09-16","05:23:41",11.041,0
"2022-09-16","06:23:41",11.139,32.3
"2022-09-16","07:23:41",11.334,2927.8
"2022-09-16","08:23:41",14.23,27555.7
"2022-09-16","09:23:41",15.76,14466.8
"2022-09-16","10:23:41",15.76,13777.9
"2022-09-16","11:23:41",16.523,8611.2
"2022-09-16","12:23:41",19.282,44089.2
"2022-09-16","13:23:41",20.71,46844.8
"2022-09-16","14:23:41",22.238,44089.2
"2022-09-16","15:23:41",21.76,6544.5
"2022-09-16","16:23:41",20.996,6544.5
"2022-09-16","17:23:41",18.996,7233.4
"2022-09-16","18:23:41",18.331,5511.1
"2022-09-16","19:23:41",15.473,204.5
"2022-09-16","20:23:41",14.038,0
"2022-09-16","21:23:41",14.134,0
"2022-09-16","22:23:41",10.748,0
"2022-09-16","23:23:41",10.357,0
"2022-09-17","00:23:41",10.846,0
"2022-09-17","01:23:41",10.944,0
"2022-09-17","02:23:41",11.236,0
"2022-09-17","03:23:41",11.334,0
"2022-09-17","04:23:41",11.431,0
"2022-09-17","05:23:41",11.625,0
"2022-09-17","06:23:41",11.819,0
"2022-09-17","07:23:41",11.916,150.7
"2022-09-17","08:23:41",12.304,2583.4
"2022-09-17","09:23:41",12.69,3788.9
"2022-09-17","10:23:41",14.421,12400.1
"2022-09-17","11:23:41",15.282,13089
"2022-09-17","12:23:41",16.523,17911.2
"2022-09-17","13:23:41",16.713,52355.9
"2022-09-17","14:23:41",18.901,12400.1
"2022-09-17","15:23:41",18.616,33066.9
"2022-09-17","16:23:41",17.855,23422.4
"2022-09-17","17:23:41",18.14,35822.5
"2022-09-17","18:23:41",13.75,2497.2
"2022-09-17","19:23:41",12.207,32.3
"2022-09-17","20:23:41",11.236,0
"2022-09-17","21:23:41",10.553,0
"2022-09-17","22:23:41",10.553,0
"2022-09-17","23:23:41",10.748,0
"2022-09-18","00:23:41",10.944,0
"2022-09-18","01:23:41",11.139,0
"2022-09-18","02:23:41",10.651,0
"2022-09-18","03:23:41",10.357,0
"2022-09-18","04:23:41",10.259,0
"2022-09-18","05:23:41",10.259,0
"2022-09-18","06:23:41",10.063,0
"2022-09-18","07:23:41",9.866,656.6
"2022-09-18","08:23:41",12.69,30311.3
"2022-09-18","09:23:41",15.187,33066.9
"2022-09-18","10:23:41",15.855,11022.3
"2022-09-18","11:23:41",16.427,49600.3
"2022-09-18","12:23:41",16.141,34444.7
"2022-09-18","13:23:41",16.332,22044.6
"2022-09-18","14:23:41",15.569,4477.8
"2022-09-18","15:23:41",15.473,7233.4
"2022-09-18","16:23:41",13.269,6544.5
"2022-09-18","17:23:41",17.57,38578
"2022-09-18","18:23:41",12.497,2066.7
"2022-09-18","19:23:41",8.779,43.1
"2022-09-18","20:23:41",8.779,0
"2022-09-18","21:23:41",9.077,0
"2022-09-18","22:23:41",9.077,0
"2022-09-18","23:23:41",8.978,0
"2022-09-19","00:23:41",8.879,0
"2022-09-19","01:23:41",9.077,0
"2022-09-19","02:23:41",9.176,0
"2022-09-19","03:23:41",8.779,0
"2022-09-19","04:23:41",9.077,0
"2022-09-19","05:23:41",9.176,0
"2022-09-19","06:23:41",9.472,0
"2022-09-19","07:23:41",9.768,430.6
"2022-09-19","08:23:41",10.748,2669.5
"2022-09-19","09:23:41",11.625,3616.7
"2022-09-19","10:23:41",13.461,8611.2
"2022-09-19","11:23:41",18.426,14466.8
"2022-09-19","12:23:41",12.11,1216.3
"2022-09-19","13:23:41",11.528,15155.7
"2022-09-19","14:23:41",15.378,2669.5
"2022-09-19","15:23:41",11.334,5166.7
"2022-09-19","16:23:41",11.431,1808.3
"2022-09-19","17:23:41",11.722,3616.7
"2022-09-19","18:23:41",11.722,2325
"2022-09-19","19:23:41",11.041,75.3
"2022-09-19","20:23:41",10.748,0
"2022-09-19","21:23:41",10.846,0
"2022-09-19","22:23:41",10.455,0
"2022-09-19","23:23:41",10.161,0
"2022-09-20","00:23:41",9.669,0
"2022-09-20","01:23:41",9.373,0
"2022-09-20","02:23:41",8.68,0
"2022-09-20","03:23:41",8.282,0
"2022-09-20","04:23:41",8.282,0
"2022-09-20","05:23:41",8.481,0
"2022-09-20","06:23:41",9.176,0
"2022-09-20","07:23:41",9.472,2755.6
"2022-09-20","08:23:41",15.664,38578
"2022-09-20","09:23:41",12.69,10677.8
"2022-09-20","10:23:41",19.377,38578
"2022-09-20","11:23:41",18.616,41333.6
"2022-09-20","12:23:41",18.711,28933.5
"2022-09-20","13:23:41",13.461,1894.5
"2022-09-20","14:23:41",13.942,49600.3
"2022-09-20","15:23:41",13.365,5511.1
"2022-09-20","16:23:41",19.092,46844.8
"2022-09-20","17:23:41",15.855,4133.4
"2022-09-20","18:23:41",13.75,23422.4
"2022-09-20","19:23:41",11.236,118.4
"2022-09-20","20:23:41",10.651,0
"2022-09-20","21:23:41",9.965,0
"2022-09-20","22:23:41",9.866,0
"2022-09-20","23:23:41",9.275,0
"2022-09-21","00:23:41",8.978,0
"2022-09-21","01:23:41",8.68,0
"2022-09-21","02:23:41",8.68,0
"2022-09-21","03:23:41",8.182,0
"2022-09-21","04:23:41",8.082,0
"2022-09-21","05:23:41",7.882,0
"2022-09-21","06:23:41",7.682,0
"2022-09-21","07:23:41",8.282,4994.5
"2022-09-21","08:23:41",9.571,4650
"2022-09-21","09:23:41",12.304,9644.5
"2022-09-21","10:23:41",14.134,12400.1
"2022-09-21","11:23:41",17.189,42711.4
"2022-09-21","12:23:41",21.187,39955.8
"2022-09-21","13:23:41",24.448,44089.2
"2022-09-21","14:23:41",17.665,7233.4
"2022-09-21","15:23:41",22.238,44089.2
"2022-09-21","16:23:41",19.948,38578
"2022-09-21","17:23:41",20.615,31689.1
"2022-09-21","18:23:41",18.616,22044.6
"2022-09-21","19:23:41",14.325,107.6
"2022-09-21","20:23:41",12.883,0
"2022-09-21","21:23:41",12.497,0
"2022-09-21","22:23:41",11.236,0
"2022-09-21","23:23:41",11.139,0
"2022-09-22","00:23:41",11.041,0
"2022-09-22","01:23:41",10.846,0
"2022-09-22","02:23:41",10.161,0
"2022-09-22","03:23:41",9.176,0
"2022-09-22","04:23:41",9.176,0
"2022-09-22","05:23:41",8.581,0
"2022-09-22","06:23:41",7.782,0
"2022-09-22","07:23:41",10.651,16533.4
"2022-09-22","08:23:41",17.475,33066.9
"2022-09-22","09:23:41",18.426,38578
"2022-09-22","10:23:41",19.567,38578
"2022-09-22","11:23:41",21.664,41333.6
"2022-09-22","12:23:41",22.621,44089.2
"2022-09-22","13:23:41",22.812,46844.8
"2022-09-22","14:23:41",23.1,46844.8
"2022-09-22","15:23:41",23.773,44089.2
"2022-09-22","16:23:41",22.908,42711.4
"2022-09-22","17:23:41",19.092,22044.6
"2022-09-22","18:23:41",19.853,19289
"2022-09-22","19:23:41",14.709,32.3
"2022-09-22","20:23:41",13.076,0
"2022-09-22","21:23:41",12.013,0
"2022-09-22","22:23:41",10.846,0
"2022-09-22","23:23:41",10.357,0
"2022-09-23","00:23:41",9.373,0
"2022-09-23","01:23:41",8.182,0
"2022-09-23","02:23:41",8.182,0
"2022-09-23","03:23:41",8.182,0
"2022-09-23","04:23:41",7.381,0
"2022-09-23","05:23:41",6.877,0
"2022-09-23","06:23:41",6.166,0
"2022-09-23","07:23:41",8.182,15155.7
"2022-09-23","08:23:41",14.134,33066.9
"2022-09-23","09:23:41",18.806,38578
"2022-09-23","10:23:41",18.996,38578
"2022-09-23","11:23:41",19.853,35822.5
"2022-09-23","12:23:41",20.901,31689.1
"2022-09-23","13:23:41",21.187,28933.5
"2022-09-23","14:23:41",23.869,44089.2
"2022-09-23","15:23:41",22.525,41333.6
"2022-09-23","16:23:41",20.519,15155.7
"2022-09-23","17:23:41",17.855,5338.9
"2022-09-23","18:23:41",16.713,3788.9
"2022-09-23","19:23:41",15.187,0
"2022-09-23","20:23:41",14.134,0
"2022-09-23","21:23:41",13.076,0
"2022-09-23","22:23:41",12.207,0
"2022-09-23","23:23:41",11.916,0
"2022-09-24","00:23:41",11.625,0
"2022-09-24","01:23:41",11.334,0
"2022-09-24","02:23:41",10.846,0
"2022-09-24","03:23:41",10.357,0
"2022-09-24","04:23:41",10.357,0
"2022-09-24","05:23:41",10.357,0
"2022-09-24","06:23:41",10.357,0
"2022-09-24","07:23:41",10.259,473.6
"2022-09-24","08:23:41",11.041,2927.8
"2022-09-24","09:23:41",11.819,4650
"2022-09-24","10:23:41",13.269,8266.7
"2022-09-24","11:23:41",15.282,12400.1
"2022-09-24","12:23:41",16.332,11711.2
"2022-09-24","13:23:41",17.95,19289
"2022-09-24","14:23:41",17.57,8611.2
"2022-09-24","15:23:41",18.045,10677.8
"2022-09-24","16:23:41",17.665,6200
"2022-09-24","17:23:41",16.427,2411.1
"2022-09-24","18:23:41",15.664,1463.9
"2022-09-24","19:23:41",14.709,0
"2022-09-24","20:23:41",14.421,0
"2022-09-24","21:23:41",13.942,0
"2022-09-24","22:23:41",13.365,0
"2022-09-24","23:23:41",13.076,0
"2022-09-25","00:23:41",12.98,0
"2022-09-25","01:23:41",12.98,0
"2022-09-25","02:23:41",13.076,0
"2022-09-25","03:23:41",12.98,0
"2022-09-25","04:23:41",12.497,0
"2022-09-25","05:23:41",12.11,0
"2022-09-25","06:23:41",11.819,0
"2022-09-25","07:23:41",11.722,742.7
"2022-09-25","08:23:41",12.69,7233.4
"2022-09-25","09:23:41",14.804,10677.8
"2022-09-25","10:23:41",16.713,16533.4
"2022-09-25","11:23:41",18.331,14466.8
"2022-09-25","12:23:41",20.996,24800.2
"2022-09-25","13:23:41",24.641,18600.1
"2022-09-25","14:23:41",24.448,52355.9
"2022-09-25","15:23:41",22.621,20666.8
"2022-09-25","16:23:41",21.091,18600.1
"2022-09-25","17:23:41",19.187,7233.4
"2022-09-25","18:23:41",17.284,2325
"2022-09-25","19:23:41",16.141,0
"2022-09-25","20:23:41",15.569,0
"2022-09-25","21:23:41",14.613,0
"2022-09-25","22:23:41",14.038,0
"2022-09-25","23:23:41",13.461,0
"2022-09-26","00:23:41",12.787,0
"2022-09-26","01:23:41",12.497,0
"2022-09-26","02:23:41",12.207,0
"2022-09-26","03:23:41",11.916,0
"2022-09-26","04:23:41",11.722,0
"2022-09-26","05:23:41",11.625,0
"2022-09-26","06:23:41",11.431,0
"2022-09-26","07:23:41",10.944,1808.3
"2022-09-26","08:23:41",14.709,19977.9
"2022-09-26","09:23:41",18.14,34444.7
"2022-09-26","10:23:41",17.475,7577.8
"2022-09-26","11:23:41",20.234,42711.4
"2022-09-26","12:23:41",22.717,49600.3
"2022-09-26","13:23:41",17.094,8611.2
"2022-09-26","14:23:41",18.901,18600.1
"2022-09-26","15:23:41",17.284,6544.5
"2022-09-26","16:23:41",20.519,39955.8
"2022-09-26","17:23:41",16.903,5166.7
"2022-09-26","18:23:41",15.76,1463.9
"2022-09-26","19:23:41",14.134,0
"2022-09-26","20:23:41",13.654,0
"2022-09-26","21:23:41",13.365,0
"2022-09-26","22:23:41",12.883,0
"2022-09-26","23:23:41",12.497,0
"2022-09-27","00:23:41",12.594,0
"2022-09-27","01:23:41",12.401,0
"2022-09-27","02:23:41",12.11,0
"2022-09-27","03:23:41",12.013,0
"2022-09-27","04:23:41",12.304,0
"2022-09-27","05:23:41",12.497,0
"2022-09-27","06:23:41",11.916,0
"2022-09-27","07:23:41",11.236,1065.6
"2022-09-27","08:23:41",11.139,2152.8
"2022-09-27","09:23:41",11.528,4822.3
"2022-09-27","10:23:41",11.528,2755.6
"2022-09-27","11:23:41",12.013,3961.1
"2022-09-27","12:23:41",13.942,6200
"2022-09-27","13:23:41",13.942,3961.1
"2022-09-27","14:23:41",10.455,3272.2
"2022-09-27","15:23:41",12.013,3616.7
"2022-09-27","16:23:41",12.013,6200
"2022-09-27","17:23:41",11.819,2755.6
"2022-09-27","18:23:41",11.528,10333.4
"2022-09-27","19:23:41",9.965,0
"2022-09-27","20:23:41",9.768,0
"2022-09-27","21:23:41",9.472,0
"2022-09-27","22:23:41",8.68,0
"2022-09-27","23:23:41",8.68,0
"2022-09-28","00:23:41",8.182,0
"2022-09-28","01:23:41",7.882,0
"2022-09-28","02:23:41",8.182,0
"2022-09-28","03:23:41",8.282,0
"2022-09-28","04:23:41",8.382,0
"2022-09-28","05:23:41",7.983,0
"2022-09-28","06:23:41",7.28,0
"2022-09-28","07:23:41",7.782,452.1
"2022-09-28","08:23:41",12.497,28933.5
"2022-09-28","09:23:41",17.665,35822.5
"2022-09-28","10:23:41",12.883,9644.5
"2022-09-28","11:23:41",12.883,14466.8
"2022-09-28","12:23:41",15.282,26178
"2022-09-28","13:23:41",12.304,10677.8
"2022-09-28","14:23:41",13.269,13089
"2022-09-28","15:23:41",13.173,14466.8
"2022-09-28","16:23:41",14.325,19289
"2022-09-28","17:23:41",12.304,4477.8
"2022-09-28","18:23:41",11.041,947.2
"2022-09-28","19:23:41",9.965,0
"2022-09-28","20:23:41",9.571,0
"2022-09-28","21:23:41",8.978,0
"2022-09-28","22:23:41",8.382,0
"2022-09-28","23:23:41",8.382,0
"2022-09-29","00:23:41",8.481,0
"2022-09-29","01:23:41",7.983,0
"2022-09-29","02:23:41",7.381,0
"2022-09-29","03:23:41",6.877,0
"2022-09-29","04:23:41",6.978,0
"2022-09-29","05:23:41",7.381,0
"2022-09-29","06:23:41",7.682,0
"2022-09-29","07:23:41",7.682,279.9
"2022-09-29","08:23:41",8.082,2066.7
"2022-09-29","09:23:41",8.382,4133.4
"2022-09-29","10:23:41",10.161,8266.7
"2022-09-29","11:23:41",13.846,17911.2
"2022-09-29","12:23:41",17.284,18600.1
"2022-09-29","13:23:41",15.569,11711.2
"2022-09-29","14:23:41",14.038,9300.1
"2022-09-29","15:23:41",21.76,44089.2
"2022-09-29","16:23:41",15.951,18600.1
"2022-09-29","17:23:41",14.517,4477.8
"2022-09-29","18:23:41",15.091,10677.8
"2022-09-29","19:23:41",11.722,0
"2022-09-29","20:23:41",10.455,0
"2022-09-29","21:23:41",9.768,0
"2022-09-29","22:23:41",9.275,0
"2022-09-29","23:23:41",8.282,0
"2022-09-30","00:23:41",7.983,0
"2022-09-30","01:23:41",7.582,0
"2022-09-30","02:23:41",6.978,0
"2022-09-30","03:23:41",6.573,0
"2022-09-30","04:23:41",6.166,0
"2022-09-30","05:23:41",5.962,0
"2022-09-30","06:23:41",5.655,0
"2022-09-30","07:23:41",5.86,2669.5
"2022-09-30","08:23:41",11.528,26178
"2022-09-30","09:23:41",16.713,34444.7
"2022-09-30","10:23:41",18.616,37200.2
"2022-09-30","11:23:41",20.234,37200.2
"2022-09-30","12:23:41",20.424,38578
"2022-09-30","13:23:41",22.717,42711.4
"2022-09-30","14:23:41",22.046,44089.2
"2022-09-30","15:23:41",17.855,13777.9
"2022-09-30","16:23:41",22.142,35822.5
"2022-09-30","17:23:41",20.329,26178
"2022-09-30","18:23:41",16.332,6544.5
"2022-09-30","19:23:41",13.846,0
"2022-09-30","20:23:41",13.076,0
"2022-09-30","21:23:41",11.722,0
"2022-09-30","22:23:41",11.334,0
"2022-09-30","23:23:41",10.651,0
"2022-10-01","00:23:41",10.161,0
"2022-10-01","01:23:41",9.669,0
"2022-10-01","02:23:41",8.481,0
"2022-10-01","03:23:41",8.382,0
"2022-10-01","04:23:41",8.182,0
"2022-10-01","05:23:41",7.983,0
"2022-10-01","06:23:41",7.882,0
"2022-10-01","07:23:41",8.182,1001
"2022-10-01","08:23:41",9.373,3961.1
"2022-10-01","09:23:41",10.063,3100
"2022-10-01","10:23:41",11.722,6200
"2022-10-01","11:23:41",13.365,8266.7
"2022-10-01","12:23:41",11.916,3616.7
"2022-10-01","13:23:41",11.236,5338.9
"2022-10-01","14:23:41",11.236,1550
"2022-10-01","15:23:41",11.041,1808.3
"2022-10-01","16:23:41",11.819,1722.2
"2022-10-01","17:23:41",12.304,1044.1
"2022-10-01","18:23:41",12.497,688.9
"2022-10-01","19:23:41",11.819,0
"2022-10-01","20:23:41",12.11,0
"2022-10-01","21:23:41",12.497,0
"2022-10-01","22:23:41",11.625,0
"2022-10-01","23:23:41",11.041,0
"2022-10-02","00:23:41",10.846,0
"2022-10-02","01:23:41",10.651,0
"2022-10-02","02:23:41",11.041,0
"2022-10-02","03:23:41",10.846,0
"2022-10-02","04:23:41",10.259,0
"2022-10-02","05:23:41",9.965,0
"2022-10-02","06:23:41",9.965,0
"2022-10-02","07:23:41",10.357,1119.5
"2022-10-02","08:23:41",11.528,1722.2
"2022-10-02","09:23:41",13.846,24800.2
"2022-10-02","10:23:41",16.903,14466.8
"2022-10-02","11:23:41",16.713,11022.3
"2022-10-02","12:23:41",15.76,3272.2
"2022-10-02","13:23:41",18.806,17911.2
"2022-10-02","14:23:41",19.758,42711.4
"2022-10-02","15:23:41",19.853,49600.3
"2022-10-02","16:23:41",20.043,35822.5
"2022-10-02","17:23:41",16.713,27555.7
"2022-10-02","18:23:41",14.517,850.4
"2022-10-02","19:23:41",12.594,0
"2022-10-02","20:23:41",12.11,0
"2022-10-02","21:23:41",12.013,0
"2022-10-02","22:23:41",11.625,0
"2022-10-02","23:23:41",11.431,0
"2022-10-03","00:23:41",11.139,0
"2022-10-03","01:23:41",10.846,0
"2022-10-03","02:23:41",11.236,0
"2022-10-03","03:23:41",11.236,0
"2022-10-03","04:23:41",11.431,0
"2022-10-03","05:23:41",11.625,0
"2022-10-03","06:23:41",11.431,0
"2022-10-03","07:23:41",11.528,183
"2022-10-03","08:23:41",12.304,2927.8
"2022-10-03","09:23:41",13.269,12400.1
"2022-10-03","10:23:41",13.365,6544.5
"2022-10-03","11:23:41",14.804,7577.8
"2022-10-03","12:23:41",15.378,11022.3
"2022-10-03","13:23:41",16.903,16533.4
"2022-10-03","14:23:41",17.284,33066.9
"2022-10-03","15:23:41",17.284,9300.1
"2022-10-03","16:23:41",19.853,35822.5
"2022-10-03","17:23:41",15.951,3961.1
"2022-10-03","18:23:41",15.187,86.1
"2022-10-03","19:23:41",14.134,0
"2022-10-03","20:23:41",13.846,0
"2022-10-03","21:23:41",13.269,0
"2022-10-03","22:23:41",13.365,0
"2022-10-03","23:23:41",13.269,0
"2022-10-04","00:23:41",13.269,0
"2022-10-04","01:23:41",13.173,0
"2022-10-04","02:23:41",12.98,0
"2022-10-04","03:23:41",12.787,0
"2022-10-04","04:23:41",12.207,0
"2022-10-04","05:23:41",11.625,0
"2022-10-04","06:23:41",11.528,0
"2022-10-04","07:23:41",11.334,1001
"2022-10-04","08:23:41",15.378,30311.3
"2022-10-04","09:23:41",13.461,4650
"2022-10-04","10:23:41",13.942,7233.4
"2022-10-04","11:23:41",17.95,16533.4
"2022-10-04","12:23:41",21.187,20666.8
"2022-10-04","13:23:41",20.996,22044.6
"2022-10-04","14:23:41",19.948,24800.2
"2022-10-04","15:23:41",20.805,12400.1
"2022-10-04","16:23:41",22.621,35822.5
"2022-10-04","17:23:41",20.71,28933.5
"2022-10-04","18:23:41",17.284,1248.6
"2022-10-04","19:23:41",15.091,0
"2022-10-04","20:23:41",13.846,0
"2022-10-04","21:23:41",13.173,0
"2022-10-04","22:23:41",12.497,0
"2022-10-04","23:23:41",12.013,0
"2022-10-05","00:23:41",11.625,0
"2022-10-05","01:23:41",11.236,0
"2022-10-05","02:23:41",10.651,0
"2022-10-05","03:23:41",10.748,0
"2022-10-05","04:23:41",10.161,0
"2022-10-05","05:23:41",10.063,0
"2022-10-05","06:23:41",10.063,0
"2022-10-05","07:23:41",10.259,452.1
"2022-10-05","08:23:41",11.139,4133.4
"2022-10-05","09:23:41",13.365,8266.7
"2022-10-05","10:23:41",14.996,12400.1
"2022-10-05","11:23:41",16.999,13089
"2022-10-05","12:23:41",18.14,16533.4
"2022-10-05","13:23:41",22.525,46844.8
"2022-10-05","14:23:41",23.004,44089.2
"2022-10-05","15:23:41",23.292,20666.8
"2022-10-05","16:23:41",23.196,35822.5
"2022-10-05","17:23:41",22.333,27555.7
"2022-10-05","18:23:41",18.711,1065.6
"2022-10-05","19:23:41",16.332,0
"2022-10-05","20:23:41",15.282,0
"2022-10-05","21:23:41",15.187,0
"2022-10-05","22:23:41",14.804,0
"2022-10-05","23:23:41",15.091,0
"2022-10-06","00:23:41",15.569,0
"2022-10-06","01:23:41",15.378,0
"2022-10-06","02:23:41",15.187,0
"2022-10-06","03:23:41",16.332,0
"2022-10-06","04:23:41",15.664,0
"2022-10-06","05:23:41",15.76,0
"2022-10-06","06:23:41",15.569,0
"2022-10-06","07:23:41",15.664,139.9
"2022-10-06","08:23:41",17.76,28933.5
"2022-10-06","09:23:41",19.758,37200.2
"2022-10-06","10:23:41",18.996,9644.5
"2022-10-06","11:23:41",20.234,42711.4
"2022-10-06","12:23:41",22.046,42711.4
"2022-10-06","13:23:41",22.908,44089.2
"2022-10-06","14:23:41",23.677,44089.2
"2022-10-06","15:23:41",22.429,42711.4
"2022-10-06","16:23:41",21.951,37200.2
"2022-10-06","17:23:41",20.996,28933.5
"2022-10-06","18:23:41",16.618,1173.3
"2022-10-06","19:23:41",13.942,0
"2022-10-06","20:23:41",13.846,0
"2022-10-06","21:23:41",12.98,0
"2022-10-06","22:23:41",12.013,0
"2022-10-06","23:23:41",11.431,0
"2022-10-07","00:23:41",10.846,0
"2022-10-07","01:23:41",10.259,0
"2022-10-07","02:23:41",9.866,0
"2022-10-07","03:23:41",8.879,0
"2022-10-07","04:23:41",8.282,0
"2022-10-07","05:23:41",7.682,0
"2022-10-07","06:23:41",7.179,0
"2022-10-07","07:23:41",7.079,721.2
"2022-10-07","08:23:41",11.625,27555.7
"2022-10-07","09:23:41",16.046,35822.5
"2022-10-07","10:23:41",18.996,37200.2
"2022-10-07","11:23:41",20.329,37200.2
"2022-10-07","12:23:41",21.855,38578
"2022-10-07","13:23:41",23.581,42711.4
"2022-10-07","14:23:41",24.448,42711.4
"2022-10-07","15:23:41",23.677,41333.6
"2022-10-07","16:23:41",22.812,37200.2
"2022-10-07","17:23:41",20.71,30311.3
"2022-10-07","18:23:41",16.523,958
"2022-10-07","19:23:41",14.325,0
"2022-10-07","20:23:41",13.076,0
"2022-10-07","21:23:41",12.594,0
"2022-10-07","22:23:41",12.207,0
"2022-10-07","23:23:41",12.013,0
"2022-10-08","00:23:41",11.722,0
"2022-10-08","01:23:41",11.431,0
"2022-10-08","02:23:41",10.455,0
"2022-10-08","03:23:41",10.161,0
"2022-10-08","04:23:41",10.455,0
"2022-10-08","05:23:41",10.259,0
"2022-10-08","06:23:41",10.553,0
"2022-10-08","07:23:41",9.965,236.8
"2022-10-08","08:23:41",10.553,1636.1
"2022-10-08","09:23:41",12.787,8611.2
"2022-10-08","10:23:41",19.472,38578
"2022-10-08","11:23:41",19.853,17911.2
"2022-10-08","12:23:41",18.521,30311.3
"2022-10-08","13:23:41",15.855,5338.9
"2022-10-08","14:23:41",15.378,11022.3
"2022-10-08","15:23:41",19.187,44089.2
"2022-10-08","16:23:41",20.329,34444.7
"2022-10-08","17:23:41",14.996,2669.5
"2022-10-08","18:23:41",11.916,559.7
"2022-10-08","19:23:41",11.431,0
"2022-10-08","20:23:41",10.651,0
"2022-10-08","21:23:41",10.357,0
"2022-10-08","22:23:41",10.161,0
"2022-10-08","23:23:41",9.669,0
"2022-10-09","00:23:41",9.472,0
"2022-10-09","01:23:41",9.077,0
"2022-10-09","02:23:41",8.481,0
"2022-10-09","03:23:41",8.282,0
"2022-10-09","04:23:41",8.082,0
"2022-10-09","05:23:41",7.682,0
"2022-10-09","06:23:41",7.28,0
"2022-10-09","07:23:41",6.877,484.4
"2022-10-09","08:23:41",9.965,23422.4
"2022-10-09","09:23:41",16.046,30311.3
"2022-10-09","10:23:41",17.379,31689.1
"2022-10-09","11:23:41",20.901,37200.2
"2022-10-09","12:23:41",20.71,39955.8
"2022-10-09","13:23:41",22.046,44089.2
"2022-10-09","14:23:41",21.187,46844.8
"2022-10-09","15:23:41",17.95,6544.5
"2022-10-09","16:23:41",16.237,11711.2
"2022-10-09","17:23:41",18.045,10677.8
"2022-10-09","18:23:41",14.134,893.4
"2022-10-09","19:23:41",12.594,0
"2022-10-09","20:23:41",11.528,0
"2022-10-09","21:23:41",10.357,0
"2022-10-09","22:23:41",9.472,0
"2022-10-09","23:23:41",9.176,0
"2022-10-10","00:23:41",8.68,0
"2022-10-10","01:23:41",8.282,0
"2022-10-10","02:23:41",8.082,0
"2022-10-10","03:23:41",7.782,0
"2022-10-10","04:23:41",7.179,0
"2022-10-10","05:23:41",6.877,0
"2022-10-10","06:23:41",6.674,0
"2022-10-10","07:23:41",6.471,462.9
"2022-10-10","08:23:41",8.382,3616.7
"2022-10-10","09:23:41",12.787,26178
"2022-10-10","10:23:41",12.11,37200.2
"2022-10-10","11:23:41",17.95,38578
"2022-10-10","12:23:41",15.569,12400.1
"2022-10-10","13:23:41",20.615,41333.6
"2022-10-10","14:23:41",21.187,41333.6
"2022-10-10","15:23:41",19.853,12400.1
"2022-10-10","16:23:41",22.142,37200.2
"2022-10-10","17:23:41",18.901,16533.4
"2022-10-10","18:23:41",15.473,236.8
"2022-10-10","19:23:41",14.134,0
"2022-10-10","20:23:41",13.461,0
"2022-10-10","21:23:41",12.883,0
"2022-10-10","22:23:41",13.076,0
"2022-10-10","23:23:41",14.325,0
"2022-10-11","00:23:41",13.654,0
"2022-10-11","01:23:41",12.69,0
"2022-10-11","02:23:41",11.334,0
"2022-10-11","03:23:41",10.161,0
"2022-10-11","04:23:41",9.275,0
"2022-10-11","05:23:41",8.978,0
"2022-10-11","06:23:41",8.68,0
"2022-10-11","07:23:41",8.382,258.3
"2022-10-11","08:23:41",10.259,18600.1
"2022-10-11","09:23:41",15.473,33066.9
"2022-10-11","10:23:41",17.95,37200.2
"2022-10-11","11:23:41",19.662,37200.2
"2022-10-11","12:23:41",20.234,41333.6
"2022-10-11","13:23:41",20.615,46844.8
"2022-10-11","14:23:41",21.76,49600.3
"2022-10-11","15:23:41",18.045,8611.2
"2022-10-11","16:23:41",16.903,6200
"2022-10-11","17:23:41",16.999,21355.7
"2022-10-11","18:23:41",13.076,570.5
"2022-10-11","19:23:41",12.304,0
"2022-10-11","20:23:41",11.236,0
"2022-10-11","21:23:41",10.357,0
"2022-10-11","22:23:41",10.161,0
"2022-10-11","23:23:41",8.581,0
"2022-10-12","00:23:41",8.581,0
"2022-10-12","01:23:41",7.782,0
"2022-10-12","02:23:41",7.882,0
"2022-10-12","03:23:41",6.877,0
"2022-10-12","04:23:41",6.674,0
"2022-10-12","05:23:41",6.471,0
"2022-10-12","06:23:41",5.962,0
"2022-10-12","07:23:41",5.552,279.9
"2022-10-12","08:23:41",7.179,20666.8
"2022-10-12","09:23:41",16.046,33066.9
"2022-10-12","10:23:41",18.236,31689.1
"2022-10-12","11:23:41",20.043,37200.2
"2022-10-12","12:23:41",20.615,38578
"2022-10-12","13:23:41",21.664,44089.2
"2022-10-12","14:23:41",22.046,42711.4
"2022-10-12","15:23:41",21.664,39955.8
"2022-10-12","16:23:41",21.187,34444.7
"2022-10-12","17:23:41",18.236,22044.6
"2022-10-12","18:23:41",13.942,269.1
"2022-10-12","19:23:41",12.594,0
"2022-10-12","20:23:41",11.722,0
"2022-10-12","21:23:41",10.651,0
"2022-10-12","22:23:41",9.768,0
"2022-10-12","23:23:41",9.077,0
"2022-10-13","00:23:41",8.282,0
"2022-10-13","01:23:41",7.481,0
"2022-10-13","02:23:41",7.179,0
"2022-10-13","03:23:41",6.674,0
"2022-10-13","04:23:41",6.775,0
"2022-10-13","05:23:41",6.064,0
"2022-10-13","06:23:41",6.166,0
"2022-10-13","07:23:41",6.573,398.3
"2022-10-13","08:23:41",7.381,2411.1
"2022-10-13","09:23:41",9.077,9300.1
"2022-10-13","10:23:41",15.664,16533.4
"2022-10-13","11:23:41",15.187,11711.2
"2022-10-13","12:23:41",17.284,23422.4
"2022-10-13","13:23:41",18.236,24800.2
"2022-10-13","14:23:41",18.996,12400.1
"2022-10-13","15:23:41",17.379,6544.5
"2022-10-13","16:23:41",20.901,11022.3
"2022-10-13","17:23:41",16.618,2411.1
"2022-10-13","18:23:41",14.804,75.3
"2022-10-13","19:23:41",14.23,0
"2022-10-13","20:23:41",13.365,0
"2022-10-13","21:23:41",12.304,0
"2022-10-13","22:23:41",11.625,0
"2022-10-13","23:23:41",11.041,0
"2022-10-14","00:23:41",10.748,0
"2022-10-14","01:23:41",10.357,0
"2022-10-14","02:23:41",9.866,0
"2022-10-14","03:23:41",9.275,0
"2022-10-14","04:23:41",8.68,0
"2022-10-14","05:23:41",9.275,0
"2022-10-14","06:23:41",8.68,0
"2022-10-14","07:23:41",9.275,64.6
"2022-10-14","08:23:41",9.965,1722.2
"2022-10-14","09:23:41",11.236,4305.6
"2022-10-14","10:23:41",14.23,13777.9
"2022-10-14","11:23:41",19.187,31689.1
"2022-10-14","12:23:41",18.806,17911.2
"2022-10-14","13:23:41",18.331,17222.3
"2022-10-14","14:23:41",17.95,6200
"2022-10-14","15:23:41",19.948,24800.2
"2022-10-14","16:23:41",17.475,2755.6
"2022-10-14","17:23:41",16.999,1722.2
"2022-10-14","18:23:41",15.282,86.1
"2022-10-14","19:23:41",14.9,0
"2022-10-14","20:23:41",14.23,0
"2022-10-14","21:23:41",13.365,0
"2022-10-14","22:23:41",13.365,0
"2022-10-14","23:23:41",13.365,0
"2022-10-15","00:23:41",13.461,0
"2022-10-15","01:23:41",13.173,0
"2022-10-15","02:23:41",12.69,0
"2022-10-15","03:23:41",12.69,0
"2022-10-15","04:23:41",12.883,0
"2022-10-15","05:23:41",12.787,0
"2022-10-15","06:23:41",12.594,0
"2022-10-15","07:23:41",12.883,43.1
"2022-10-15","08:23:41",13.173,2238.9
"2022-10-15","09:23:41",14.517,3100
"2022-10-15","10:23:41",21.091,33066.9
"2022-10-15","11:23:41",18.045,5511.1
"2022-10-15","12:23:41",19.187,11022.3
"2022-10-15","13:23:41",19.948,12400.1
"2022-10-15","14:23:41",20.329,22044.6
"2022-10-15","15:23:41",18.996,6200
"2022-10-15","16:23:41",20.138,5511.1
"2022-10-15","17:23:41",18.331,4477.8
"2022-10-15","18:23:41",16.427,118.4
"2022-10-15","19:23:41",15.378,0
"2022-10-15","20:23:41",14.996,0
"2022-10-15","21:23:41",14.9,0
"2022-10-15","22:23:41",14.996,0
"2022-10-15","23:23:41",14.325,0
"2022-10-16","00:23:41",14.613,0
"2022-10-16","01:23:41",14.421,0
"2022-10-16","02:23:41",15.282,0
"2022-10-16","03:23:41",15.282,0
"2022-10-16","04:23:41",15.473,0
"2022-10-16","05:23:41",15.187,0
"2022-10-16","06:23:41",14.804,0
"2022-10-16","07:23:41",14.134,21.5
"2022-10-16","08:23:41",14.421,1980.6
"2022-10-16","09:23:41",16.618,5338.9
"2022-10-16","10:23:41",17.094,6200
"2022-10-16","11:23:41",19.377,11022.3
"2022-10-16","12:23:41",20.805,14466.8
"2022-10-16","13:23:41",23.966,17911.2
"2022-10-16","14:23:41",24.158,44089.2
"2022-10-16","15:23:41",25.805,42711.4
"2022-10-16","16:23:41",25.416,34444.7
"2022-10-16","17:23:41",22.238,10677.8
"2022-10-16","18:23:41",17.284,183
"2022-10-16","19:23:41",16.618,0
"2022-10-16","20:23:41",15.187,0
"2022-10-16","21:23:41",15.664,0
"2022-10-16","22:23:41",14.23,0
"2022-10-16","23:23:41",13.846,0
"2022-10-17","00:23:41",13.558,0
"2022-10-17","01:23:41",13.654,0
"2022-10-17","02:23:41",13.75,0
"2022-10-17","03:23:41",13.365,0
"2022-10-17","04:23:41",12.69,0
"2022-10-17","05:23:41",13.173,0
"2022-10-17","06:23:41",13.269,0
"2022-10-17","07:23:41",13.269,107.6
"2022-10-17","08:23:41",13.942,4133.4
"2022-10-17","09:23:41",17.95,17222.3
"2022-10-17","10:23:41",21.855,33066.9
"2022-10-17","11:23:41",24.738,24800.2
"2022-10-17","12:23:41",26.781,33066.9
"2022-10-17","13:23:41",28.456,35822.5
"2022-10-17","14:23:41",29.252,41333.6
"2022-10-17","15:23:41",27.862,24800.2
"2022-10-17","16:23:41",27.665,30311.3
"2022-10-17","17:23:41",24.738,7577.8
"2022-10-17","18:23:41",22.525,32.3
"2022-10-17","19:23:41",21.282,0
"2022-10-17","20:23:41",19.853,0
"2022-10-17","21:23:41",19.567,0
"2022-10-17","22:23:41",18.711,0
"2022-10-17","23:23:41",17.76,0
"2022-10-18","00:23:41",16.808,0
"2022-10-18","01:23:41",17.094,0
"2022-10-18","02:23:41",17.284,0
"2022-10-18","03:23:41",17.189,0
"2022-10-18","04:23:41",17.284,0
"2022-10-18","05:23:41",16.903,0
"2022-10-18","06:23:41",16.046,0
"2022-10-18","07:23:41",15.569,0
"2022-10-18","08:23:41",15.378,215.3
"2022-10-18","09:23:41",15.473,1463.9
"2022-10-18","10:23:41",15.569,1356.3
"2022-10-18","11:23:41",15.187,753.5
"2022-10-18","12:23:41",15.378,1259.4
"2022-10-18","13:23:41",15.473,2755.6
"2022-10-18","14:23:41",15.76,2755.6
"2022-10-18","15:23:41",16.141,3272.2
"2022-10-18","16:23:41",16.903,9300.1
"2022-10-18","17:23:41",17.665,13777.9
"2022-10-18","18:23:41",14.613,96.9
"2022-10-18","19:23:41",13.75,0
"2022-10-18","20:23:41",12.98,0
"2022-10-18","21:23:41",12.787,0
"2022-10-18","22:23:41",12.207,0
"2022-10-18","23:23:41",11.722,0
"2022-10-19","00:23:41",11.431,0
"2022-10-19","01:23:41",12.013,0
"2022-10-19","02:23:41",11.819,0
"2022-10-19","03:23:41",11.722,0
"2022-10-19","04:23:41",11.528,0
"2022-10-19","05:23:41",11.528,0
"2022-10-19","06:23:41",11.431,0
"2022-10-19","07:23:41",11.431,10.8
"2022-10-19","08:23:41",11.139,1237.9
"2022-10-19","09:23:41",12.304,4650
"2022-10-19","10:23:41",12.497,4822.3
"2022-10-19","11:23:41",14.134,11022.3
"2022-10-19","12:23:41",14.709,6200
"2022-10-19","13:23:41",20.519,46844.8
"2022-10-19","14:23:41",19.948,52355.9
"2022-10-19","15:23:41",15.569,5511.1
"2022-10-19","16:23:41",19.567,34444.7
"2022-10-19","17:23:41",16.141,20666.8
"2022-10-19","18:23:41",12.207,32.3
"2022-10-19","19:23:41",11.334,0
"2022-10-19","20:23:41",10.651,0
"2022-10-19","21:23:41",9.768,0
"2022-10-19","22:23:41",8.879,0
"2022-10-19","23:23:41",7.682,0
"2022-10-20","00:23:41",6.978,0
"2022-10-20","01:23:41",6.268,0
"2022-10-20","02:23:41",5.757,0
"2022-10-20","03:23:41",5.552,0
"2022-10-20","04:23:41",4.831,0
"2022-10-20","05:23:41",4.727,0
"2022-10-20","06:23:41",4.207,0
"2022-10-20","07:23:41",4.102,226
"2022-10-20","08:23:41",4.311,2238.9
"2022-10-20","09:23:41",9.965,33066.9
"2022-10-20","10:23:41",13.461,37200.2
"2022-10-20","11:23:41",14.325,33066.9
"2022-10-20","12:23:41",15.951,37200.2
"2022-10-20","13:23:41",17.76,42711.4
"2022-10-20","14:23:41",18.045,35822.5
"2022-10-20","15:23:41",18.14,33066.9
"2022-10-20","16:23:41",16.618,24800.2
"2022-10-20","17:23:41",13.942,4133.4
"2022-10-20","18:23:41",11.916,10.8
"2022-10-20","19:23:41",10.944,0
"2022-10-20","20:23:41",10.063,0
"2022-10-20","21:23:41",9.768,0
"2022-10-20","22:23:41",9.077,0
"2022-10-20","23:23:41",8.879,0
"2022-10-21","00:23:41",9.077,0
"2022-10-21","01:23:41",8.082,0
"2022-10-21","02:23:41",7.983,0
"2022-10-21","03:23:41",8.182,0
"2022-10-21","04:23:41",8.382,0
"2022-10-21","05:23:41",8.581,0
"2022-10-21","06:23:41",8.879,0
"2022-10-21","07:23:41",8.978,0
"2022-10-21","08:23:41",9.571,322.9
"2022-10-21","09:23:41",10.161,914.9
"2022-10-21","10:23:41",11.139,6544.5
"2022-10-21","11:23:41",13.558,14466.8
"2022-10-21","12:23:41",16.618,34444.7
"2022-10-21","13:23:41",17.094,14466.8
"2022-10-21","14:23:41",16.713,7233.4
"2022-10-21","15:23:41",16.046,4477.8
"2022-10-21","16:23:41",14.996,1894.5
"2022-10-21","17:23:41",14.517,710.4
"2022-10-21","18:23:41",14.134,0
"2022-10-21","19:23:41",14.134,0
"2022-10-21","20:23:41",14.038,0
"2022-10-21","21:23:41",14.134,0
"2022-10-21","22:23:41",14.134,0
"2022-10-21","23:23:41",13.942,0
"2022-10-22","00:23:41",13.942,0
"2022-10-22","01:23:41",13.942,0
"2022-10-22","02:23:41",13.75,0
"2022-10-22","03:23:41",13.654,0
"2022-10-22","04:23:41",13.365,0
"2022-10-22","05:23:41",13.076,0
"2022-10-22","06:23:41",13.076,0
"2022-10-22","07:23:41",12.883,0
"2022-10-22","08:23:41",12.69,656.6
"2022-10-22","09:23:41",13.269,2927.8
"2022-10-22","10:23:41",14.134,4477.8
"2022-10-22","11:23:41",15.091,4650
"2022-10-22","12:23:41",16.046,3444.5
"2022-10-22","13:23:41",18.426,16533.4
"2022-10-22","14:23:41",24.255,41333.6
"2022-10-22","15:23:41",24.641,37200.2
"2022-10-22","16:23:41",23.484,27555.7
"2022-10-22","17:23:41",19.853,10677.8
"2022-10-22","18:23:41",16.808,0
"2022-10-22","19:23:41",16.332,0
"2022-10-22","20:23:41",15.76,0
"2022-10-22","21:23:41",14.996,0
"2022-10-22","22:23:41",14.421,0
"2022-10-22","23:23:41",14.709,0
"2022-10-23","00:23:41",14.613,0
"2022-10-23","01:23:41",13.558,0
"2022-10-23","02:23:41",12.69,0
"2022-10-23","03:23:41",12.883,0
"2022-10-23","04:23:41",12.497,0
"2022-10-23","05:23:41",12.304,0
"2022-10-23","06:23:41",11.819,0
"2022-10-23","07:23:41",11.041,10.8
"2022-10-23","08:23:41",11.236,2497.2
"2022-10-23","09:23:41",14.421,20666.8
"2022-10-23","10:23:41",18.711,31689.1
"2022-10-23","11:23:41",19.853,31689.1
"2022-10-23","12:23:41",22.621,33066.9
"2022-10-23","13:23:41",21.664,30311.3
"2022-10-23","14:23:41",23.292,21355.7
"2022-10-23","15:23:41",19.377,6544.5
"2022-10-23","16:23:41",18.901,4650
"2022-10-23","17:23:41",17.665,1550
"2022-10-23","18:23:41",16.523,0
"2022-10-23","19:23:41",15.951,0
"2022-10-23","20:23:41",15.855,0
"2022-10-23","21:23:41",15.091,0
"2022-10-23","22:23:41",14.613,0
"2022-10-23","23:23:41",13.942,0
"2022-10-24","00:23:41",14.325,0
"2022-10-24","01:23:41",13.461,0
"2022-10-24","02:23:41",13.365,0
"2022-10-24","03:23:41",13.076,0
"2022-10-24","04:23:41",12.497,0
"2022-10-24","05:23:41",12.304,0
"2022-10-24","06:23:41",12.304,0
"2022-10-24","07:23:41",12.401,0
"2022-10-24","08:23:41",12.401,1808.3
"2022-10-24","09:23:41",13.654,4822.3
"2022-10-24","10:23:41",16.427,14466.8
"2022-10-24","11:23:41",18.045,8266.7
"2022-10-24","12:23:41",18.901,9300.1
"2022-10-24","13:23:41",18.996,7577.8
"2022-10-24","14:23:41",19.472,8266.7
"2022-10-24","15:23:41",21.187,24800.2
"2022-10-24","16:23:41",19.282,4477.8
"2022-10-24","17:23:41",18.426,1636.1
"2022-10-24","18:23:41",17.57,0
"2022-10-24","19:23:41",16.903,0
"2022-10-24","20:23:41",16.237,0
"2022-10-24","21:23:41",16.237,0
"2022-10-24","22:23:41",15.855,0
"2022-10-24","23:23:41",14.996,0
"2022-10-25","00:23:41",14.421,0
"2022-10-25","01:23:41",13.942,0
"2022-10-25","02:23:41",13.558,0
"2022-10-25","03:23:41",13.173,0
"2022-10-25","04:23:41",13.75,0
"2022-10-25","05:23:41",13.942,0
"2022-10-25","06:23:41",13.461,0
"2022-10-25","07:23:41",13.365,0
"2022-10-25","08:23:41",13.846,1130.2
"2022-10-25","09:23:41",14.421,4305.6
"2022-10-25","10:23:41",15.091,3788.9
"2022-10-25","11:23:41",15.569,7233.4
"2022-10-25","12:23:41",16.618,8266.7
"2022-10-25","13:23:41",18.236,14466.8
"2022-10-25","14:23:41",19.853,4822.3
"2022-10-25","15:23:41",19.853,7233.4
"2022-10-25","16:23:41",16.332,2583.4
"2022-10-25","17:23:41",15.282,5166.7
"2022-10-25","18:23:41",13.75,0
"2022-10-25","19:23:41",13.173,0
"2022-10-25","20:23:41",12.883,0
"2022-10-25","21:23:41",12.207,0
"2022-10-25","22:23:41",11.722,0
"2022-10-25","23:23:41",11.236,0
"2022-10-26","00:23:41",10.944,0
"2022-10-26","01:23:41",10.651,0
"2022-10-26","02:23:41",10.259,0
"2022-10-26","03:23:41",9.669,0
"2022-10-26","04:23:41",9.176,0
"2022-10-26","05:23:41",9.077,0
"2022-10-26","06:23:41",8.879,0
"2022-10-26","07:23:41",8.481,0
"2022-10-26","08:23:41",8.481,1636.1
"2022-10-26","09:23:41",13.942,28933.5
"2022-10-26","10:23:41",16.903,33066.9
"2022-10-26","11:23:41",19.282,34444.7
"2022-10-26","12:23:41",21.187,37200.2
"2022-10-26","13:23:41",22.621,39955.8
"2022-10-26","14:23:41",23.581,39955.8
"2022-10-26","15:23:41",23.004,33066.9
"2022-10-26","16:23:41",23.1,30311.3
"2022-10-26","17:23:41",18.045,1636.1
"2022-10-26","18:23:41",16.141,0
"2022-10-26","19:23:41",15.664,0
"2022-10-26","20:23:41",15.569,0
"2022-10-26","21:23:41",15.091,0
"2022-10-26","22:23:41",14.23,0
"2022-10-26","23:23:41",13.365,0
"2022-10-27","00:23:41",12.594,0
"2022-10-27","01:23:41",12.207,0
"2022-10-27","02:23:41",11.819,0
"2022-10-27","03:23:41",11.431,0
"2022-10-27","04:23:41",11.431,0
"2022-10-27","05:23:41",11.334,0
"2022-10-27","06:23:41",11.139,0
"2022-10-27","07:23:41",10.944,0
"2022-10-27","08:23:41",11.625,2325
"2022-10-27","09:23:41",16.523,22044.6
"2022-10-27","10:23:41",19.377,24800.2
"2022-10-27","11:23:41",20.71,27555.7
"2022-10-27","12:23:41",23.1,26178
"2022-10-27","13:23:41",24.158,15155.7
"2022-10-27","14:23:41",24.738,39955.8
"2022-10-27","15:23:41",23.869,26178
"2022-10-27","16:23:41",23.484,23422.4
"2022-10-27","17:23:41",19.662,2238.9
"2022-10-27","18:23:41",17.57,0
"2022-10-27","19:23:41",16.618,0
"2022-10-27","20:23:41",15.855,0
"2022-10-27","21:23:41",15.473,0
"2022-10-27","22:23:41",14.9,0
"2022-10-27","23:23:41",14.421,0
"2022-10-28","00:23:41",13.461,0
"2022-10-28","01:23:41",13.269,0
"2022-10-28","02:23:41",13.558,0
"2022-10-28","03:23:41",13.558,0
"2022-10-28","04:23:41",13.173,0
"2022-10-28","05:23:41",12.69,0
"2022-10-28","06:23:41",12.497,0
"2022-10-28","07:23:41",12.207,0
"2022-10-28","08:23:41",13.846,1108.7
"2022-10-28","09:23:41",15.76,12400.1
"2022-10-28","10:23:41",19.377,20666.8
"2022-10-28","11:23:41",20.996,31689.1
"2022-10-28","12:23:41",24.641,35822.5
"2022-10-28","13:23:41",26.879,37200.2
"2022-10-28","14:23:41",26.488,42711.4
"2022-10-28","15:23:41",26.879,30311.3
"2022-10-28","16:23:41",24.158,15844.5
"2022-10-28","17:23:41",21.473,1237.9
"2022-10-28","18:23:41",19.948,0
"2022-10-28","19:23:41",19.377,0
"2022-10-28","20:23:41",18.521,0
"2022-10-28","21:23:41",17.95,0
"2022-10-28","22:23:41",17.57,0
"2022-10-28","23:23:41",17.189,0
"2022-10-29","00:23:41",16.999,0
"2022-10-29","01:23:41",16.618,0
"2022-10-29","02:23:41",16.332,0
"2022-10-29","03:23:41",16.713,0
"2022-10-29","04:23:41",15.951,0
"2022-10-29","05:23:41",15.378,0
"2022-10-29","06:23:41",15.091,0
"2022-10-29","07:23:41",14.804,0
"2022-10-29","08:23:41",14.517,1808.3
"2022-10-29","09:23:41",16.808,9644.5
"2022-10-29","10:23:41",19.282,16533.4
"2022-10-29","11:23:41",21.187,18600.1
"2022-10-29","12:23:41",20.138,8611.2
"2022-10-29","13:23:41",24.351,33066.9
"2022-10-29","14:23:41",24.641,19977.9
"2022-10-29","15:23:41",24.448,26178
"2022-10-29","16:23:41",21.282,3788.9
"2022-10-29","17:23:41",19.662,1259.4
"2022-10-29","18:23:41",18.711,0
"2022-10-29","19:23:41",18.14,0
"2022-10-29","20:23:41",17.57,0
"2022-10-29","21:23:41",16.903,0
"2022-10-29","22:23:41",16.141,0
"2022-10-29","23:23:41",16.046,0
"2022-10-30","00:23:41",15.569,0
"2022-10-30","01:23:41",15.378,0
"2022-10-30","02:23:41",14.709,0
"2022-10-30","03:23:41",14.134,0
"2022-10-30","04:23:41",13.558,0
"2022-10-30","05:23:41",13.461,0
"2022-10-30","06:23:41",13.846,0
"2022-10-30","07:23:41",13.558,0
"2022-10-30","08:23:41",14.613,290.6
"2022-10-30","09:23:41",15.569,5511.1
"2022-10-30","10:23:41",18.331,8266.7
"2022-10-30","11:23:41",21.282,17222.3
"2022-10-30","12:23:41",25.708,34444.7
"2022-10-30","13:23:41",28.357,37200.2
"2022-10-30","14:23:41",27.961,35822.5
"2022-10-30","15:23:41",26.879,30311.3
"2022-10-30","16:23:41",25.125,20666.8
"2022-10-30","17:23:41",20.996,1377.8
"2022-10-30","18:23:41",18.711,0
"2022-10-30","19:23:41",18.236,0
"2022-10-30","20:23:41",16.903,0
"2022-10-30","21:23:41",15.855,0
"2022-10-30","22:23:41",14.421,0
"2022-10-30","23:23:41",14.134,0
"2022-10-31","00:23:41",13.365,0
"2022-10-31","01:23:41",13.173,0
"2022-10-31","02:23:41",12.883,0
"2022-10-31","03:23:41",12.69,0
"2022-10-31","04:23:41",12.304,0
"2022-10-31","05:23:41",12.11,0
"2022-10-31","06:23:41",12.594,0
"2022-10-31","07:23:41",12.013,0
"2022-10-31","08:23:41",12.304,1894.5
"2022-10-31","09:23:41",16.903,23422.4
"2022-10-31","10:23:41",16.141,6200
"2022-10-31","11:23:41",18.521,14466.8
"2022-10-31","12:23:41",19.567,9300.1
"2022-10-31","13:23:41",23.581,16533.4
"2022-10-31","14:23:41",24.738,33066.9
"2022-10-31","15:23:41",23.869,24800.2
"2022-10-31","16:23:41",19.472,4133.4
"2022-10-31","17:23:41",16.237,484.4
"2022-10-31","18:23:41",14.709,0
"2022-10-31","19:23:41",14.23,0
"2022-10-31","20:23:41",13.654,0
"2022-10-31","21:23:41",13.269,0
"2022-10-31","22:23:41",13.365,0
"2022-10-31","23:23:41",13.173,0
"2022-11-01","00:23:41",12.98,0
"2022-11-01","01:23:41",12.497,0
"2022-11-01","02:23:41",12.594,0
"2022-11-01","03:23:41",12.787,0
"2022-11-01","04:23:41",12.69,0
"2022-11-01","05:23:41",12.304,0
"2022-11-01","06:23:41",11.916,0
"2022-11-01","07:23:41",11.722,0
"2022-11-01","08:23:41",11.722,1280.9
"2022-11-01","09:23:41",12.594,3100
"2022-11-01","10:23:41",13.461,7577.8
"2022-11-01","11:23:41",16.141,16533.4
"2022-11-01","12:23:41",16.141,4650
"2022-11-01","13:23:41",19.853,14466.8
"2022-11-01","14:23:41",17.189,4305.6
"2022-11-01","15:23:41",18.901,28933.5
"2022-11-01","16:23:41",17.76,8611.2
"2022-11-01","17:23:41",16.808,1280.9
"2022-11-01","18:23:41",15.378,0
"2022-11-01","19:23:41",14.804,0
"2022-11-01","20:23:41",13.75,0
"2022-11-01","21:23:41",13.173,0
"2022-11-01","22:23:41",12.497,0
"2022-11-01","23:23:41",12.207,0
"2022-11-02","00:23:41",11.528,0
"2022-11-02","01:23:41",10.846,0
"2022-11-02","02:23:41",10.455,0
"2022-11-02","03:23:41",9.965,0
"2022-11-02","04:23:41",9.373,0
"2022-11-02","05:23:41",8.581,0
"2022-11-02","06:23:41",8.282,0
"2022-11-02","07:23:41",8.182,0
"2022-11-02","08:23:41",8.481,1377.8
"2022-11-02","09:23:41",10.944,15155.7
"2022-11-02","10:23:41",12.98,7233.4
"2022-11-02","11:23:41",15.282,37200.2
"2022-11-02","12:23:41",18.521,37200.2
"2022-11-02","13:23:41",18.616,9300.1
"2022-11-02","14:23:41",15.76,9300.1
"2022-11-02","15:23:41",18.996,37200.2
"2022-11-02","16:23:41",16.523,9300.1
"2022-11-02","17:23:41",14.325,1151.7
"2022-11-02","18:23:41",12.787,0
"2022-11-02","19:23:41",11.819,0
"2022-11-02","20:23:41",10.651,0
"2022-11-02","21:23:41",9.866,0
"2022-11-02","22:23:41",9.571,0
"2022-11-02","23:23:41",8.779,0
"2022-11-03","00:23:41",8.082,0
"2022-11-03","01:23:41",7.481,0
"2022-11-03","02:23:41",7.079,0
"2022-11-03","03:23:41",6.166,0
"2022-11-03","04:23:41",6.064,0
"2022-11-03","05:23:41",5.655,0
"2022-11-03","06:23:41",5.45,0
"2022-11-03","07:23:41",5.141,0
"2022-11-03","08:23:41",5.141,688.9
"2022-11-03","09:23:41",8.879,27555.7
"2022-11-03","10:23:41",12.013,23422.4
"2022-11-03","11:23:41",13.942,30311.3
"2022-11-03","12:23:41",15.378,31689.1
"2022-11-03","13:23:41",13.173,8266.7
"2022-11-03","14:23:41",12.883,6200
"2022-11-03","15:23:41",14.038,10677.8
"2022-11-03","16:23:41",13.558,6200
"2022-11-03","17:23:41",11.916,516.7
"2022-11-03","18:23:41",11.334,0
"2022-11-03","19:23:41",11.139,0
"2022-11-03","20:23:41",10.846,0
"2022-11-03","21:23:41",10.748,0
"2022-11-03","22:23:41",10.357,0
"2022-11-03","23:23:41",9.768,0
"2022-11-04","00:23:41",9.472,0
"2022-11-04","01:23:41",8.978,0
"2022-11-04","02:23:41",8.581,0
"2022-11-04","03:23:41",7.882,0
"2022-11-04","04:23:41",8.082,0
"2022-11-04","05:23:41",8.082,0
"2022-11-04","06:23:41",8.481,0
"2022-11-04","07:23:41",8.68,0
"2022-11-04","08:23:41",8.779,226
"2022-11-04","09:23:41",9.669,613.5
"2022-11-04","10:23:41",10.651,2669.5
"2022-11-04","11:23:41",11.334,3272.2
"2022-11-04","12:23:41",11.528,2497.2
"2022-11-04","13:23:41",11.139,2497.2
"2022-11-04","14:23:41",10.944,2066.7
"2022-11-04","15:23:41",10.846,1184
"2022-11-04","16:23:41",10.944,2497.2
"2022-11-04","17:23:41",10.357,129.2
"2022-11-04","18:23:41",10.259,0
"2022-11-04","19:23:41",10.357,0
"2022-11-04","20:23:41",10.259,0
"2022-11-04","21:23:41",9.866,0
"2022-11-04","22:23:41",9.866,0
"2022-11-04","23:23:41",9.768,0
"2022-11-05","00:23:41",9.275,0
"2022-11-05","01:23:41",9.275,0
"2022-11-05","02:23:41",9.077,0
"2022-11-05","03:23:41",8.978,0
"2022-11-05","04:23:41",8.779,0
"2022-11-05","05:23:41",8.481,0
"2022-11-05","06:23:41",8.282,0
"2022-11-05","07:23:41",7.782,0
"2022-11-05","08:23:41",7.481,236.8
"2022-11-05","09:23:41",7.381,2238.9
"2022-11-05","10:23:41",9.077,8266.7
"2022-11-05","11:23:41",14.517,34444.7
"2022-11-05","12:23:41",15.951,35822.5
"2022-11-05","13:23:41",17.189,38578
"2022-11-05","14:23:41",17.76,39955.8
"2022-11-05","15:23:41",18.236,39955.8
"2022-11-05","16:23:41",14.996,7577.8
"2022-11-05","17:23:41",10.455,667.4
"2022-11-05","18:23:41",9.077,0
"2022-11-05","19:23:41",8.978,0
"2022-11-05","20:23:41",8.082,0
"2022-11-05","21:23:41",7.481,0
"2022-11-05","22:23:41",6.674,0
"2022-11-05","23:23:41",6.37,0
"2022-11-06","00:23:41",6.166,0
"2022-11-06","01:23:41",6.471,0
"2022-11-06","02:23:41",5.655,0
"2022-11-06","03:23:41",5.244,0
"2022-11-06","04:23:41",5.347,0
"2022-11-06","05:23:41",5.552,0
"2022-11-06","06:23:41",4.934,0
"2022-11-06","07:23:41",4.831,0
"2022-11-06","08:23:41",4.623,699.7
"2022-11-06","09:23:41",8.779,24800.2
"2022-11-06","10:23:41",11.139,30311.3
"2022-11-06","11:23:41",12.594,33066.9
"2022-11-06","12:23:41",13.365,31689.1
"2022-11-06","13:23:41",14.517,38578
"2022-11-06","14:23:41",16.141,38578
"2022-11-06","15:23:41",16.427,34444.7
"2022-11-06","16:23:41",14.517,7233.4
"2022-11-06","17:23:41",10.553,441.3
"2022-11-06","18:23:41",9.275,0
"2022-11-06","19:23:41",8.581,0
"2022-11-06","20:23:41",8.182,0
"2022-11-06","21:23:41",7.481,0
"2022-11-06","22:23:41",6.877,0
"2022-11-06","23:23:41",6.573,0
"2022-11-07","00:23:41",6.573,0
"2022-11-07","01:23:41",6.775,0
"2022-11-07","02:23:41",6.775,0
"2022-11-07","03:23:41",6.775,0
"2022-11-07","04:23:41",6.877,0
"2022-11-07","05:23:41",7.381,0
"2022-11-07","06:23:41",8.382,0
"2022-11-07","07:23:41",8.481,0
"2022-11-07","08:23:41",8.481,86.1
"2022-11-07","09:23:41",8.978,2411.1
"2022-11-07","10:23:41",13.942,26178
"2022-11-07","11:23:41",12.207,10333.4
"2022-11-07","12:23:41",17.379,37200.2
"2022-11-07","13:23:41",17.95,34444.7
"2022-11-07","14:23:41",16.332,24800.2
"2022-11-07","15:23:41",14.325,2927.8
"2022-11-07","16:23:41",13.75,1377.8
"2022-11-07","17:23:41",13.365,150.7
"2022-11-07","18:23:41",12.98,0
"2022-11-07","19:23:41",12.497,0
"2022-11-07","20:23:41",12.69,0
"2022-11-07","21:23:41",12.013,0
"2022-11-07","22:23:41",12.013,0
"2022-11-07","23:23:41",11.722,0
"2022-11-08","00:23:41",11.431,0
"2022-11-08","01:23:41",11.236,0
"2022-11-08","02:23:41",10.944,0
"2022-11-08","03:23:41",10.357,0
"2022-11-08","04:23:41",10.455,0
"2022-11-08","05:23:41",10.161,0
"2022-11-08","06:23:41",9.669,0
"2022-11-08","07:23:41",9.077,0
"2022-11-08","08:23:41",9.077,796.5
"2022-11-08","09:23:41",12.11,15844.5
"2022-11-08","10:23:41",15.282,31689.1
"2022-11-08","11:23:41",17.189,31689.1
"2022-11-08","12:23:41",18.426,19289
"2022-11-08","13:23:41",19.282,37200.2
"2022-11-08","14:23:41",20.329,30311.3
"2022-11-08","15:23:41",19.092,12400.1
"2022-11-08","16:23:41",18.521,20666.8
"2022-11-08","17:23:41",14.613,161.5
"2022-11-08","18:23:41",13.75,0
"2022-11-08","19:23:41",13.365,0
"2022-11-08","20:23:41",13.269,0
"2022-11-08","21:23:41",12.883,0
"2022-11-08","22:23:41",12.207,0
"2022-11-08","23:23:41",12.013,0
"2022-11-09","00:23:41",12.207,0
"2022-11-09","01:23:41",12.401,0
"2022-11-09","02:23:41",12.207,0
"2022-11-09","03:23:41",12.304,0
"2022-11-09","04:23:41",11.431,0
"2022-11-09","05:23:41",10.846,0
"2022-11-09","06:23:41",11.528,0
"2022-11-09","07:23:41",11.041,0
"2022-11-09","08:23:41",11.334,21.5
"2022-11-09","09:23:41",11.334,322.9
"2022-11-09","10:23:41",11.431,2066.7
"2022-11-09","11:23:41",12.207,4477.8
"2022-11-09","12:23:41",13.173,5511.1
"2022-11-09","13:23:41",17.95,38578
"2022-11-09","14:23:41",17.094,6544.5
"2022-11-09","15:23:41",17.189,17911.2
"2022-11-09","16:23:41",15.187,4994.5
"2022-11-09","17:23:41",13.461,269.1
"2022-11-09","18:23:41",12.594,0
"2022-11-09","19:23:41",12.013,0
"2022-11-09","20:23:41",11.431,0
"2022-11-09","21:23:41",12.401,0
"2022-11-09","22:23:41",11.625,0
"2022-11-09","23:23:41",11.431,0
"2022-11-10","00:23:41",11.722,0
"2022-11-10","01:23:41",11.528,0
"2022-11-10","02:23:41",11.819,0
"2022-11-10","03:23:41",12.11,0
"2022-11-10","04:23:41",11.528,0
"2022-11-10","05:23:41",12.013,0
"2022-11-10","06:23:41",11.431,0
"2022-11-10","07:23:41",10.651,0
"2022-11-10","08:23:41",10.161,322.9
"2022-11-10","09:23:41",13.269,20666.8
"2022-11-10","10:23:41",15.951,28933.5
